lib_id	sample_id	date	tara_station	environment	replicate	depth	latitude	longitude	ocean	ebi_sample_id	ebi_run_id	sequencing_type	release_version	date_acquired_from_ebi	full_sample_name
tara_S0001	TARA_X000000368	9/15/09	TARA_004	dcm	A	40	36.5533	-6.5669	north atlantic	ERS487936	ERR598950	Illumina HiSeq 2000	2	6/19/17	TARA_20090915T1800Z_004_EVENT_PUMP_P_D_(40 m)_BACT_NUC-DNA(100L)_W0.22-1.6_TARA_X000000368
tara_S0002	TARA_X000000368	9/15/09	TARA_004	dcm	B	40	36.5533	-6.5669	north atlantic	ERS487936	ERR599095	Illumina HiSeq 2000	2	6/19/17	TARA_20090915T1800Z_004_EVENT_PUMP_P_D_(40 m)_BACT_NUC-DNA(100L)_W0.22-1.6_TARA_X000000368
tara_S0003	TARA_S200000501	9/15/09	TARA_004	srf	A	5	36.5533	-6.5669	north atlantic	ERS487899	ERR598955	Illumina HiSeq 2000	2	6/19/17	TARA_20090915T1130Z_004_EVENT_PUMP_P_S_(5 m)_BACT_NUC-DNA(100L)_W0.22-1.6_TARA_X000000263
tara_S0004	TARA_S200000501	9/15/09	TARA_004	srf	B	5	36.5533	-6.5669	north atlantic	ERS487899	ERR599003	Illumina HiSeq 2000	2	6/19/17	TARA_20090915T1130Z_004_EVENT_PUMP_P_S_(5 m)_BACT_NUC-DNA(100L)_W0.22-1.6_TARA_X000000263
tara_S0005	TARA_E500000081	11/2/09	TARA_018	dcm	A	60	35.7528	14.2765	mediterranean	ERS488346	ERR599073	Illumina HiSeq 2000	2	6/19/17	TARA_20091102T1407Z_018_EVENT_PUMP_P_D_(60 m)_BACT_NUC-DNA(100L)_W0.22-1.6_TARA_S200000501
tara_S0006	TARA_E500000081	11/2/09	TARA_018	dcm	B	60	35.7528	14.2765	mediterranean	ERS488346	ERR599092	Illumina HiSeq 2000	2	6/19/17	TARA_20091102T1407Z_018_EVENT_PUMP_P_D_(60 m)_BACT_NUC-DNA(100L)_W0.22-1.6_TARA_S200000501
tara_S0007	TARA_E500000331	11/2/09	TARA_018	srf	A	5	35.759	14.2574	mediterranean	ERS488330	ERR598993	Illumina HiSeq 2000	2	6/19/17	TARA_20091102T0813Z_018_EVENT_PUMP_P_S_(5 m)_BACT_NUC-DNA(100L)_W0.22-1.6_TARA_A100000164
tara_S0008	TARA_E500000331	11/2/09	TARA_018	srf	B	5	35.759	14.2574	mediterranean	ERS488330	ERR599140	Illumina HiSeq 2000	2	6/19/17	TARA_20091102T0813Z_018_EVENT_PUMP_P_S_(5 m)_BACT_NUC-DNA(100L)_W0.22-1.6_TARA_A100000164
tara_S0009	TARA_A100001011	11/18/09	TARA_023	dcm	A	55	42.1735	17.7252	mediterranean	ERS477998	ERR315859	Illumina HiSeq 2000	2	6/19/17	TARA_20091118T1240Z_023_EVENT_PUMP_P_D_(55-57m)_BACT_NUC-DNA(100L)_W0.22-1.6_TARA_E500000081
tara_S0010	TARA_A100001011	11/18/09	TARA_023	dcm	B	55	42.1735	17.7252	mediterranean	ERS477998	ERR315860	Illumina HiSeq 2000	2	6/19/17	TARA_20091118T1240Z_023_EVENT_PUMP_P_D_(55-57m)_BACT_NUC-DNA(100L)_W0.22-1.6_TARA_E500000081
tara_S0011	TARA_A100001011	11/18/09	TARA_023	srf	A	5	42.2038	17.715	mediterranean	ERS477979	ERR315858	Illumina HiSeq 2000	2	6/19/17	TARA_20091118T0841Z_023_EVENT_PUMP_P_S_(5-7m)_BACT_NUC-DNA(100L)_W0.22-1.6_TARA_E500000075
tara_S0012	TARA_A100001011	11/18/09	TARA_023	srf	B	5	42.2038	17.715	mediterranean	ERS477979	ERR315861	Illumina HiSeq 2000	2	6/19/17	TARA_20091118T0841Z_023_EVENT_PUMP_P_S_(5-7m)_BACT_NUC-DNA(100L)_W0.22-1.6_TARA_E500000075
tara_S0013	TARA_A100001037	11/23/09	TARA_025	dcm	A	50	39.3991	19.3997	mediterranean	ERS488509	ERR599094	Illumina HiSeq 2000	2	6/19/17	TARA_20091123T1352Z_025_EVENT_PUMP_P_D_(50 m)_BACT_NUC-DNA(100L)_W0.22-1.6_TARA_E500000331
tara_S0014	TARA_A100001037	11/23/09	TARA_025	dcm	B	50	39.3991	19.3997	mediterranean	ERS488509	ERR599153	Illumina HiSeq 2000	2	6/19/17	TARA_20091123T1352Z_025_EVENT_PUMP_P_D_(50 m)_BACT_NUC-DNA(100L)_W0.22-1.6_TARA_E500000331
tara_S0015	TARA_B100000029	11/23/09	TARA_025	srf	A	5	39.3888	19.3905	mediterranean	ERS488486	ERR598951	Illumina HiSeq 2000	2	6/19/17	TARA_20091123T0912Z_025_EVENT_PUMP_P_S_(5 m)_BACT_NUC-DNA(100L)_W0.22-1.6_TARA_E500000178
tara_S0016	TARA_B100000029	11/23/09	TARA_025	srf	B	5	39.3888	19.3905	mediterranean	ERS488486	ERR599043	Illumina HiSeq 2000	2	6/19/17	TARA_20091123T0912Z_025_EVENT_PUMP_P_S_(5 m)_BACT_NUC-DNA(100L)_W0.22-1.6_TARA_E500000178
tara_S0017	TARA_B100000035	12/15/09	TARA_030	dcm	A	70.5	33.9235	32.8118	mediterranean	ERS478040	ERR318618	Illumina HiSeq 2000	2	6/19/17	TARA_20091215T1512Z_030_Combined-EVENTS_CAST_MB_D_(70-75m)_BACT_NUC-DNA(100L)_W0.22-1.6_TARA_A100001011
tara_S0018	TARA_B100000035	12/15/09	TARA_030	dcm	B	70.5	33.9235	32.8118	mediterranean	ERS478040	ERR318619	Illumina HiSeq 2000	2	6/19/17	TARA_20091215T1512Z_030_Combined-EVENTS_CAST_MB_D_(70-75m)_BACT_NUC-DNA(100L)_W0.22-1.6_TARA_A100001011
tara_S0019	TARA_B100000073	12/15/09	TARA_030	dcm	C	70.5	33.9235	32.8118	mediterranean	ERS478040	ERR318620	Illumina HiSeq 2000	2	6/19/17	TARA_20091215T1512Z_030_Combined-EVENTS_CAST_MB_D_(70-75m)_BACT_NUC-DNA(100L)_W0.22-1.6_TARA_A100001011
tara_S0020	TARA_B100000073	12/15/09	TARA_030	dcm	D	70.5	33.9235	32.8118	mediterranean	ERS478040	ERR318621	Illumina HiSeq 2000	2	6/19/17	TARA_20091215T1512Z_030_Combined-EVENTS_CAST_MB_D_(70-75m)_BACT_NUC-DNA(100L)_W0.22-1.6_TARA_A100001011
tara_S0021	TARA_B100000085	12/15/09	TARA_030	srf	A	5	33.9179	32.898	mediterranean	ERS478017	ERR315862	Illumina HiSeq 2000	2	6/19/17	TARA_20091215T1041Z_030_EVENT_PUMP_P_S_(5-7m)_BACT_NUC-DNA(100L)_W0.22-1.6_TARA_A100001015
tara_S0022	TARA_B100000105	12/15/09	TARA_030	srf	B	5	33.9179	32.898	mediterranean	ERS478017	ERR315863	Illumina HiSeq 2000	2	6/19/17	TARA_20091215T1041Z_030_EVENT_PUMP_P_S_(5-7m)_BACT_NUC-DNA(100L)_W0.22-1.6_TARA_A100001015
tara_S0023	TARA_B100000097	1/9/10	TARA_031	srf	A	5	27.1433	34.8	red sea	ERS488545	ERR598969	Illumina HiSeq 2000	2	6/19/17	TARA_20100109T0715Z_031_EVENT_PUMP_P_S_(5 m)_BACT_NUC-DNA(100L)_W0.22-1.6_TARA_A100001403
tara_S0024	TARA_B100000097	1/9/10	TARA_031	srf	B	5	27.1433	34.8	red sea	ERS488545	ERR599106	Illumina HiSeq 2000	2	6/19/17	TARA_20100109T0715Z_031_EVENT_PUMP_P_S_(5 m)_BACT_NUC-DNA(100L)_W0.22-1.6_TARA_A100001403
tara_S0025	TARA_B100000287	1/11/10	TARA_032	dcm	A	80	23.4183	37.245	red sea	ERS488599	ERR599061	Illumina HiSeq 2000	2	6/19/17	TARA_20100111T1417Z_032_EVENT_PUMP_P_D_(80 m)_BACT_NUC-DNA(100L)_W0.22-1.6_TARA_A100001037
tara_S0026	TARA_B100000287	1/11/10	TARA_032	dcm	B	80	23.4183	37.245	red sea	ERS488599	ERR599097	Illumina HiSeq 2000	2	6/19/17	TARA_20100111T1417Z_032_EVENT_PUMP_P_D_(80 m)_BACT_NUC-DNA(100L)_W0.22-1.6_TARA_A100001037
tara_S0027	TARA_B100000131	1/11/10	TARA_032	srf	A	5	23.36	37.2183	red sea	ERS488569	ERR599041	Illumina HiSeq 2000	2	6/19/17	TARA_20100111T0721Z_032_EVENT_PUMP_P_S_(5 m)_BACT_NUC-DNA(100L)_W0.22-1.6_TARA_A100001035
tara_S0028	TARA_B100000131	1/11/10	TARA_032	srf	B	5	23.36	37.2183	red sea	ERS488569	ERR599116	Illumina HiSeq 2000	2	6/19/17	TARA_20100111T0721Z_032_EVENT_PUMP_P_S_(5 m)_BACT_NUC-DNA(100L)_W0.22-1.6_TARA_A100001035
tara_S0029	TARA_B100000214	1/11/10	TARA_032	srf	C	5	23.36	37.2183	red sea	ERS488569	ERR599155	Illumina HiSeq 2000	2	6/19/17	TARA_20100111T0721Z_032_EVENT_PUMP_P_S_(5 m)_BACT_NUC-DNA(100L)_W0.22-1.6_TARA_A100001035
tara_S0030	TARA_B100000214	1/13/10	TARA_033	srf	A	5	21.9467	38.2517	red sea	ERS488621	ERR599049	Illumina HiSeq 2000	2	6/19/17	TARA_20100113T0716Z_033_EVENT_PUMP_P_S_(5 m)_BACT_NUC-DNA(100L)_W0.22-1.6_TARA_A100001234
tara_S0031	TARA_B000000557	1/13/10	TARA_033	srf	B	5	21.9467	38.2517	red sea	ERS488621	ERR599134	Illumina HiSeq 2000	2	6/19/17	TARA_20100113T0716Z_033_EVENT_PUMP_P_S_(5 m)_BACT_NUC-DNA(100L)_W0.22-1.6_TARA_A100001234
tara_S0032	TARA_B100000405	1/20/10	TARA_034	dcm	A	60	18.4417	39.8567	red sea	ERS488685	ERR598975	Illumina HiSeq 2000	2	6/19/17	TARA_20100120T1150Z_034_EVENT_PUMP_P_D_(60 m)_BACT_NUC-DNA(100L)_W0.22-1.6_TARA_B100000029
tara_S0033	TARA_B100000405	1/20/10	TARA_034	dcm	B	60	18.4417	39.8567	red sea	ERS488685	ERR599111	Illumina HiSeq 2000	2	6/19/17	TARA_20100120T1150Z_034_EVENT_PUMP_P_D_(60 m)_BACT_NUC-DNA(100L)_W0.22-1.6_TARA_B100000029
tara_S0034	TARA_B100000405	1/20/10	TARA_034	srf	A	5	18.3967	39.875	red sea	ERS488649	ERR598959	Illumina HiSeq 2000	2	6/19/17	TARA_20100120T0427Z_034_EVENT_PUMP_P_S_(5 m)_BACT_NUC-DNA(100L)_W0.22-1.6_TARA_B100000003
tara_S0035	TARA_B000000441	1/20/10	TARA_034	srf	B	5	18.3967	39.875	red sea	ERS488649	ERR598991	Illumina HiSeq 2000	2	6/19/17	TARA_20100120T0427Z_034_EVENT_PUMP_P_S_(5 m)_BACT_NUC-DNA(100L)_W0.22-1.6_TARA_B100000003
tara_S0036	TARA_B000000441	3/12/10	TARA_036	dcm	A	17	20.8222	63.5133	indian	ERS488747	ERR598974	Illumina HiSeq 2000	2	6/19/17	TARA_20100312T1223Z_036_EVENT_PUMP_P_D_(17 m)_BACT_NUC-DNA(100L)_W0.22-1.6_TARA_B100000035
tara_S0037	TARA_B000000441	3/12/10	TARA_036	dcm	B	17	20.8222	63.5133	indian	ERS488747	ERR599028	Illumina HiSeq 2000	2	6/19/17	TARA_20100312T1223Z_036_EVENT_PUMP_P_D_(17 m)_BACT_NUC-DNA(100L)_W0.22-1.6_TARA_B100000035
tara_S0038	TARA_B000000477	3/12/10	TARA_036	srf	A	5	20.8183	63.5047	indian	ERS488714	ERR598966	Illumina HiSeq 2000	2	6/19/17	TARA_20100312T0606Z_036_EVENT_PUMP_P_S_(5 m)_BACT_NUC-DNA(100L)_W0.22-1.6_TARA_B100000034
tara_S0039	TARA_B000000477	3/12/10	TARA_036	srf	B	5	20.8183	63.5047	indian	ERS488714	ERR599143	Illumina HiSeq 2000	2	6/19/17	TARA_20100312T0606Z_036_EVENT_PUMP_P_S_(5 m)_BACT_NUC-DNA(100L)_W0.22-1.6_TARA_B100000034
tara_S0040	TARA_B100000482	3/15/10	TARA_038	dcm	A	25	19.0284	64.5126	indian	ERS488830	ERR598949	Illumina HiSeq 2000	2	6/19/17	TARA_20100315T1118Z_038_EVENT_PUMP_P_D_(25 m)_BACT_NUC-RNA(10L-or-10min)_W0.22-1.6_TARA_B100000073
tara_S0041	TARA_B100000482	3/15/10	TARA_038	dcm	B	25	19.0284	64.5126	indian	ERS488830	ERR599082	Illumina HiSeq 2000	2	6/19/17	TARA_20100315T1118Z_038_EVENT_PUMP_P_D_(25 m)_BACT_NUC-RNA(10L-or-10min)_W0.22-1.6_TARA_B100000073
tara_S0042	TARA_B100000482	3/15/10	TARA_038	srf	A	5	19.0393	64.4913	indian	ERS488799	ERR599102	Illumina HiSeq 2000	2	6/19/17	TARA_20100315T0335Z_038_EVENT_PUMP_P_S_(5 m)_BACT_NUC-RNA(10L-or-10min)_W0.22-1.6_TARA_B100000066
tara_S0043	TARA_B100000427	3/15/10	TARA_038	srf	B	5	19.0393	64.4913	indian	ERS488799	ERR599158	Illumina HiSeq 2000	2	6/19/17	TARA_20100315T0335Z_038_EVENT_PUMP_P_S_(5 m)_BACT_NUC-RNA(10L-or-10min)_W0.22-1.6_TARA_B100000066
tara_S0044	TARA_B100000427	3/18/10	TARA_039	dcm	A	25	18.5839	66.4727	indian	ERS488916	ERR599145	Illumina HiSeq 2000	2	6/19/17	TARA_20100318T1133Z_039_EVENT_PUMP_P_D_(25 m)_BACT_NUC-DNA(100L)_W0.22-1.6_TARA_B100000085
tara_S0045	TARA_B100000519	3/18/10	TARA_039	dcm	B	25	18.5839	66.4727	indian	ERS488919	ERR1701760	Illumina HiSeq 2000	3	6/19/17	TARA_20100318T1133Z_039_EVENT_PUMP_P_D_(25 m)_BACT_NUC-DNA(100L)_W1.6-20_TARA_B100000105
tara_S0046	TARA_B100000519	3/20/10	TARA_039	dcm	A	271	18.7341	66.3896	indian	ERS488936	ERR599037	Illumina HiSeq 2000	2	6/19/17	TARA_20100320T0817Z_039_Combined-EVENTS_CAST_MB_M_(270 m)_BACT_NUC-DNA(100L)_W0.22-1.6_TARA_B100000097
tara_S0047	TARA_B100000530	3/20/10	TARA_039	dcm	B	271	18.7341	66.3896	indian	ERS488936	ERR599172	Illumina HiSeq 2000	2	6/19/17	TARA_20100320T0817Z_039_Combined-EVENTS_CAST_MB_M_(270 m)_BACT_NUC-DNA(100L)_W0.22-1.6_TARA_B100000097
tara_S0048	TARA_B100000530	3/30/10	TARA_041	dcm	A	60	14.5536	70.0128	indian	ERS489074	ERR598977	Illumina HiSeq 2000	2	6/19/17	TARA_20100330T1056Z_041_EVENT_PUMP_P_D_(60 m)_BACT_NUC-RNA(10L-or-10min)_W0.22-1.6_TARA_B100000287
tara_S0049	TARA_B100000767	3/30/10	TARA_041	dcm	B	60	14.5536	70.0128	indian	ERS489074	ERR599053	Illumina HiSeq 2000	2	6/19/17	TARA_20100330T1056Z_041_EVENT_PUMP_P_D_(60 m)_BACT_NUC-RNA(10L-or-10min)_W0.22-1.6_TARA_B100000287
tara_S0050	TARA_B100000767	3/30/10	TARA_041	srf	A	5	14.6059	69.9776	indian	ERS489043	ERR599011	Illumina HiSeq 2000	2	6/19/17	TARA_20100330T0247Z_041_EVENT_PUMP_P_S_(5 m)_BACT_NUC-RNA(10L-or-10min)_W0.22-1.6_TARA_B100000282
tara_S0051	TARA_B100000795	3/30/10	TARA_041	srf	B	5	14.6059	69.9776	indian	ERS489043	ERR599074	Illumina HiSeq 2000	2	6/19/17	TARA_20100330T0247Z_041_EVENT_PUMP_P_S_(5 m)_BACT_NUC-RNA(10L-or-10min)_W0.22-1.6_TARA_B100000282
tara_S0052	TARA_B100000795	4/4/10	TARA_042	dcm	A	80	5.9998	73.9067	indian	ERS489134	ERR599013	Illumina HiSeq 2000	2	6/19/17	TARA_20100404T0950Z_042_EVENT_PUMP_P_D_(80 m)_BACT_NUC-DNA(100L)_W0.22-1.6_TARA_B100000131
tara_S0053	TARA_B100001059	4/4/10	TARA_042	dcm	B	80	5.9998	73.9067	indian	ERS489134	ERR599130	Illumina HiSeq 2000	2	6/19/17	TARA_20100404T0950Z_042_EVENT_PUMP_P_D_(80 m)_BACT_NUC-DNA(100L)_W0.22-1.6_TARA_B100000131
tara_S0054	TARA_B100001029	4/4/10	TARA_042	srf	A	5	6.0001	73.8955	indian	ERS489087	ERR599075	Illumina HiSeq 2000	2	6/19/17	TARA_20100404T0247Z_042_EVENT_PUMP_P_S_(5 m)_BACT_NUC-DNA(100L)_W0.22-1.6_TARA_B100000123
tara_S0055	TARA_B100001029	4/4/10	TARA_042	srf	B	5	6.0001	73.8955	indian	ERS489087	ERR599141	Illumina HiSeq 2000	2	6/19/17	TARA_20100404T0247Z_042_EVENT_PUMP_P_S_(5 m)_BACT_NUC-DNA(100L)_W0.22-1.6_TARA_B100000123
tara_S0056	TARA_B100000965	4/13/10	TARA_045	srf	A	5	0.0033	71.6428	indian	ERS489236	ERR599045	Illumina HiSeq 2000	2	6/19/17	TARA_20100413T0321Z_045_EVENT_PUMP_P_S_(5 m)_BACT_NUC-DNA(100L)_W0.22-1.6_TARA_B100000161
tara_S0057	TARA_B100000965	4/13/10	TARA_045	srf	B	5	0.0033	71.6428	indian	ERS489236	ERR599054	Illumina HiSeq 2000	2	6/19/17	TARA_20100413T0321Z_045_EVENT_PUMP_P_S_(5 m)_BACT_NUC-DNA(100L)_W0.22-1.6_TARA_B100000161
tara_S0058	TARA_B100000959	4/19/10	TARA_048	srf	A	5	-9.3921	66.4228	indian	ERS489315	ERR599019	Illumina HiSeq 2000	2	6/19/17	TARA_20100419T0756Z_048_EVENT_PUMP_P_S_(5 m)_BACT_NUC-DNA(100L)_W0.22-1.6_TARA_B100000242
tara_S0059	TARA_B100000959	4/19/10	TARA_048	srf	B	5	-9.3921	66.4228	indian	ERS489315	ERR599138	Illumina HiSeq 2000	2	6/19/17	TARA_20100419T0756Z_048_EVENT_PUMP_P_S_(5 m)_BACT_NUC-DNA(100L)_W0.22-1.6_TARA_B100000242
tara_S0060	TARA_B100000959	5/17/10	TARA_052	dcm	A	75	-16.9534	53.9601	indian	ERS489585	ERR599002	Illumina HiSeq 2000	2	6/19/17	TARA_20100517T1142Z_052_EVENT_PUMP_P_D_(75 m)_BACT_NUC-RNA(10L-or-10min)_W0.22-1.6_TARA_B100000214
tara_S0061	TARA_B100000902	5/17/10	TARA_052	dcm	B	75	-16.9534	53.9601	indian	ERS489585	ERR599016	Illumina HiSeq 2000	2	6/19/17	TARA_20100517T1142Z_052_EVENT_PUMP_P_D_(75 m)_BACT_NUC-RNA(10L-or-10min)_W0.22-1.6_TARA_B100000214
tara_S0062	TARA_B100000902	5/17/10	TARA_052	srf	A	5	-16.957	53.9801	indian	ERS489529	ERR599098	Illumina HiSeq 2000	2	6/19/17	TARA_20100517T0410Z_052_EVENT_PUMP_P_S_(5 m)_BACT_NUC-RNA(10L-or-10min)_W0.22-1.6_TARA_B100000212
tara_S0063	TARA_B100000902	5/17/10	TARA_052	srf	B	5	-16.957	53.9801	indian	ERS489529	ERR599139	Illumina HiSeq 2000	2	6/19/17	TARA_20100517T0410Z_052_EVENT_PUMP_P_S_(5 m)_BACT_NUC-RNA(10L-or-10min)_W0.22-1.6_TARA_B100000212
tara_S0064	TARA_B100000927	6/26/10	TARA_056	srf	A	5	-15.3424	43.2965	indian	ERS489712	ERR599057	Illumina HiSeq 2000	2	6/19/17	TARA_20100626T0705Z_056_EVENT_PUMP_P_S_(5 m)_BACT_NUC-DNA(100L)_W0.22-3_TARA_B000000609
tara_S0065	TARA_B100000927	6/27/10	TARA_057	srf	A	5	-17.0248	42.7401	indian	ERS489733	ERR599058	Illumina HiSeq 2000	2	6/19/17	TARA_20100627T1205Z_057_EVENT_PUMP_P_S_(5 m)_BACT_NUC-DNA(100L)_W0.22-3_TARA_B000000565
tara_S0066	TARA_B100000927	6/29/10	TARA_058	dcm	A	66	-17.2855	42.2866	indian	ERS489846	ERR599026	Illumina HiSeq 2000	2	6/19/17	TARA_20100629T1500Z_058_EVENT_PUMP_P_D_(66 m)_BACT_NUC-DNA(100L)_W0.22-3_TARA_B000000557
tara_S0067	TARA_B100001113	7/3/10	TARA_062	srf	A	5	-22.3368	40.3412	indian	ERS489877	ERR599012	Illumina HiSeq 2000	2	6/19/17	TARA_20100703T0809Z_062_EVENT_PUMP_P_S_(5 m)_BACT_NUC-DNA(100L)_W0.22-3_TARA_B000000532
tara_S0068	TARA_B100000579	7/8/10	TARA_064	dcm	A	65	-29.5333	37.9117	indian	ERS490002	ERR598972	Illumina HiSeq 2000	2	6/19/17	TARA_20100708T0621Z_064_EVENT_PUMP_P_D_(65 m)_BACT_NUC-DNA(100L)_W0.22-3_TARA_B100000405
tara_S0069	TARA_B100000945	7/8/10	TARA_064	dcm	B	65	-29.5333	37.9117	indian	ERS490002	ERR599023	Illumina HiSeq 2000	2	6/19/17	TARA_20100708T0621Z_064_EVENT_PUMP_P_D_(65 m)_BACT_NUC-DNA(100L)_W0.22-3_TARA_B100000405
tara_S0070	TARA_B100000700	7/8/10	TARA_064	dcm	C	65	-29.5333	37.9117	indian	ERS490002	ERR599025	Illumina HiSeq 2000	2	6/19/17	TARA_20100708T0621Z_064_EVENT_PUMP_P_D_(65 m)_BACT_NUC-DNA(100L)_W0.22-3_TARA_B100000405
tara_S0071	TARA_B100000686	7/7/10	TARA_064	srf	A	5	-29.5019	37.9889	indian	ERS489917	ERR598970	Illumina HiSeq 2000	2	6/19/17	TARA_20100707T0448Z_064_EVENT_PUMP_P_S_(5 m)_BACT_NUC-DNA(100L)_W0.22-3_TARA_B100000401
tara_S0072	TARA_B100000686	7/7/10	TARA_064	srf	B	5	-29.5019	37.9889	indian	ERS489917	ERR599088	Illumina HiSeq 2000	2	6/19/17	TARA_20100707T0448Z_064_EVENT_PUMP_P_S_(5 m)_BACT_NUC-DNA(100L)_W0.22-3_TARA_B100000401
tara_S0073	TARA_B100000686	7/7/10	TARA_064	srf	C	5	-29.5019	37.9889	indian	ERS489917	ERR599150	Illumina HiSeq 2000	2	6/19/17	TARA_20100707T0448Z_064_EVENT_PUMP_P_S_(5 m)_BACT_NUC-DNA(100L)_W0.22-3_TARA_B100000401
tara_S0074	TARA_B100000686	7/12/10	TARA_065	dcm	A	30	-35.2421	26.3048	indian	ERS490085	ERR598990	Illumina HiSeq 2000	2	6/19/17	TARA_20100712T1106Z_065_Combined-EVENTS_CAST_MB_D_(30 m)_BACT_NUC-DNA(100L)_W0.22-3_TARA_B000000441
tara_S0075	TARA_B100000676	7/12/10	TARA_065	dcm	B	30	-35.2421	26.3048	indian	ERS490085	ERR599018	Illumina HiSeq 2000	2	6/19/17	TARA_20100712T1106Z_065_Combined-EVENTS_CAST_MB_D_(30 m)_BACT_NUC-DNA(100L)_W0.22-3_TARA_B000000441
tara_S0076	TARA_B100000676	7/12/10	TARA_065	dcm	C	30	-35.2421	26.3048	indian	ERS490085	ERR599110	Illumina HiSeq 2000	2	6/19/17	TARA_20100712T1106Z_065_Combined-EVENTS_CAST_MB_D_(30 m)_BACT_NUC-DNA(100L)_W0.22-3_TARA_B000000441
tara_S0077	TARA_B100000676	7/12/10	TARA_065	srf	A	5	-35.1728	26.2868	indian	ERS490029	ERR598979	Illumina HiSeq 2000	2	6/19/17	TARA_20100712T0559Z_065_EVENT_PUMP_P_S_(5 m)_BACT_NUC-DNA(100L)_W0.22-3_TARA_B000000437
tara_S0078	TARA_B100000676	7/12/10	TARA_065	srf	B	5	-35.1728	26.2868	indian	ERS490029	ERR599146	Illumina HiSeq 2000	2	6/19/17	TARA_20100712T0559Z_065_EVENT_PUMP_P_S_(5 m)_BACT_NUC-DNA(100L)_W0.22-3_TARA_B000000437
tara_S0079	TARA_B100001123	7/15/10	TARA_066	dcm	A	30	-34.8901	18.0459	south atlantic	ERS490163	ERR598982	Illumina HiSeq 2000	2	6/19/17	TARA_20100715T1539Z_066_Combined-EVENTS_CAST_MB_D_(30 m)_BACT_NUC-DNA(100L)_W0.22-3_TARA_B000000477
tara_S0080	TARA_B100000614	7/15/10	TARA_066	dcm	B	30	-34.8901	18.0459	south atlantic	ERS490163	ERR599107	Illumina HiSeq 2000	2	6/19/17	TARA_20100715T1539Z_066_Combined-EVENTS_CAST_MB_D_(30 m)_BACT_NUC-DNA(100L)_W0.22-3_TARA_B000000477
tara_S0081	TARA_B100001250	7/15/10	TARA_066	srf	A	5	-34.9449	17.9189	south atlantic	ERS490124	ERR598973	Illumina HiSeq 2000	2	6/19/17	TARA_20100715T1222Z_066_EVENT_PUMP_P_S_(5 m)_BACT_NUC-DNA(100L)_W0.22-3_TARA_B000000475
tara_S0082	TARA_B100001094	7/15/10	TARA_066	srf	B	5	-34.9449	17.9189	south atlantic	ERS490124	ERR599068	Illumina HiSeq 2000	2	6/19/17	TARA_20100715T1222Z_066_EVENT_PUMP_P_S_(5 m)_BACT_NUC-DNA(100L)_W0.22-3_TARA_B000000475
tara_S0083	TARA_B100001964	7/15/10	TARA_066	srf	C	5	-34.9449	17.9189	south atlantic	ERS490124	ERR599173	Illumina HiSeq 2000	2	6/19/17	TARA_20100715T1222Z_066_EVENT_PUMP_P_S_(5 m)_BACT_NUC-DNA(100L)_W0.22-3_TARA_B000000475
tara_S0084	TARA_B100001964	9/7/10	TARA_067	srf	A	5	-32.2401	17.7103	south atlantic	ERS490183	ERR598994	Illumina HiSeq 2000	2	6/19/17	TARA_20100907T0619Z_067_EVENT_PUMP_P_S_(5 m)_BACT_NUC-DNA(100L)_W0.22-3_TARA_B100000497
tara_S0085	TARA_B100001964	9/7/10	TARA_067	srf	B	5	-32.2401	17.7103	south atlantic	ERS490183	ERR599144	Illumina HiSeq 2000	2	6/19/17	TARA_20100907T0619Z_067_EVENT_PUMP_P_S_(5 m)_BACT_NUC-DNA(100L)_W0.22-3_TARA_B100000497
tara_S0086	TARA_B100001964	9/14/10	TARA_068	dcm	A	50	-31.027	4.6802	south atlantic	ERS490296	ERR599017	Illumina HiSeq 2000	2	6/19/17	TARA_20100914T1330Z_068_EVENT_PUMP_P_D_(50 m)_BACT_NUC-DNA(100L)_W0.22-3_TARA_B100000482
tara_S0087	TARA_B100001996	9/14/10	TARA_068	dcm	B	50	-31.027	4.6802	south atlantic	ERS490296	ERR599056	Illumina HiSeq 2000	2	6/19/17	TARA_20100914T1330Z_068_EVENT_PUMP_P_D_(50 m)_BACT_NUC-DNA(100L)_W0.22-3_TARA_B100000482
tara_S0088	TARA_B100002052	9/14/10	TARA_068	dcm	C	50	-31.027	4.6802	south atlantic	ERS490296	ERR599103	Illumina HiSeq 2000	2	6/19/17	TARA_20100914T1330Z_068_EVENT_PUMP_P_D_(50 m)_BACT_NUC-DNA(100L)_W0.22-3_TARA_B100000482
tara_S0089	TARA_B100001750	9/14/10	TARA_068	srf	A	5	-31.0266	4.665	south atlantic	ERS490265	ERR599129	Illumina HiSeq 2000	2	6/19/17	TARA_20100914T0655Z_068_EVENT_PUMP_P_S_(5 m)_BACT_NUC-DNA(100L)_W0.22-3_TARA_B100000475
tara_S0090	TARA_B100001778	9/14/10	TARA_068	srf	B	5	-31.0266	4.665	south atlantic	ERS490265	ERR599171	Illumina HiSeq 2000	2	6/19/17	TARA_20100914T0655Z_068_EVENT_PUMP_P_S_(5 m)_BACT_NUC-DNA(100L)_W0.22-3_TARA_B100000475
tara_S0091	TARA_B100001559	9/14/10	TARA_068	srf	C	5	-31.0266	4.665	south atlantic	ERS490265	ERR599174	Illumina HiSeq 2000	2	6/19/17	TARA_20100914T0655Z_068_EVENT_PUMP_P_S_(5 m)_BACT_NUC-DNA(100L)_W0.22-3_TARA_B100000475
tara_S0092	TARA_B100002029	9/21/10	TARA_070	srf	A	5	-20.4091	-3.1759	south atlantic	ERS490327	ERR599135	Illumina HiSeq 2000	2	6/19/17	TARA_20100921T0655Z_070_EVENT_PUMP_P_S_(5 m)_BACT_NUC-DNA(100L)_W0.22-3_TARA_B100000459
tara_S0093	TARA_X000000263	9/21/10	TARA_070	srf	B	5	-20.4091	-3.1759	south atlantic	ERS490327	ERR599165	Illumina HiSeq 2000	2	6/19/17	TARA_20100921T0655Z_070_EVENT_PUMP_P_S_(5 m)_BACT_NUC-DNA(100L)_W0.22-3_TARA_B100000459
tara_S0094	TARA_X000000263	10/5/10	TARA_072	dcm	A	100	-8.7296	-17.9604	south atlantic	ERS490476	ERR599133	Illumina HiSeq 2000	2	6/19/17	TARA_20101005T1535Z_072_EVENT_PUMP_P_D_(100 m)_BACT_NUC-DNA(100L)_W0.22-3_TARA_B100000427
tara_S0095	TARA_A100000164	10/5/10	TARA_072	dcm	B	100	-8.7296	-17.9604	south atlantic	ERS490476	ERR599137	Illumina HiSeq 2000	2	6/19/17	TARA_20101005T1535Z_072_EVENT_PUMP_P_D_(100 m)_BACT_NUC-DNA(100L)_W0.22-3_TARA_B100000427
tara_S0096	TARA_A100000164	10/5/10	TARA_072	srf	A	5	-8.7789	-17.9099	south atlantic	ERS490433	ERR598984	Illumina HiSeq 2000	2	6/19/17	TARA_20101005T0800Z_072_EVENT_PUMP_P_S_(5 m)_BACT_NUC-DNA(100L)_W0.22-3_TARA_B100000424
tara_S0097	TARA_E500000075	10/5/10	TARA_072	srf	B	5	-8.7789	-17.9099	south atlantic	ERS490433	ERR599105	Illumina HiSeq 2000	2	6/19/17	TARA_20101005T0800Z_072_EVENT_PUMP_P_S_(5 m)_BACT_NUC-DNA(100L)_W0.22-3_TARA_B100000424
tara_S0098	TARA_E500000075	10/16/10	TARA_076	dcm	A	150	-21.0292	-35.3498	south atlantic	ERS490597	ERR599040	Illumina HiSeq 2000	2	6/19/17	TARA_20101016T1700Z_076_Combined-EVENTS_CAST_MB_D_(150 m)_BACT_NUC-DNA(100L)_W0.22-3_TARA_B100000519
tara_S0099	TARA_E500000178	10/16/10	TARA_076	dcm	B	150	-21.0292	-35.3498	south atlantic	ERS490597	ERR599148	Illumina HiSeq 2000	2	6/19/17	TARA_20101016T1700Z_076_Combined-EVENTS_CAST_MB_D_(150 m)_BACT_NUC-DNA(100L)_W0.22-3_TARA_B100000519
tara_S0100	TARA_E500000178	10/16/10	TARA_076	srf	A	5	-20.9354	-35.1803	south atlantic	ERS490542	ERR599010	Illumina HiSeq 2000	2	6/19/17	TARA_20101016T0955Z_076_EVENT_PUMP_P_S_(5 m)_BACT_NUC-RNA(10L-or-10min)_W0.22-3_TARA_B100000513
tara_S0101	TARA_A100001015	10/16/10	TARA_076	srf	B	5	-20.9354	-35.1803	south atlantic	ERS490542	ERR599126	Illumina HiSeq 2000	2	6/19/17	TARA_20101016T0955Z_076_EVENT_PUMP_P_S_(5 m)_BACT_NUC-RNA(10L-or-10min)_W0.22-3_TARA_B100000513
tara_S0102	TARA_A100001015	11/4/10	TARA_078	dcm	A	120	-30.1484	-43.2705	south atlantic	ERS490691	ERR599046	Illumina HiSeq 2000	2	6/19/17	TARA_20101104T1816Z_078_Combined-EVENTS_CAST_MB_D_(120 m)_BACT_NUC-DNA(100L)_W0.22-3_TARA_B100000530
tara_S0103	TARA_A100001403	11/4/10	TARA_078	dcm	B	120	-30.1484	-43.2705	south atlantic	ERS490691	ERR599101	Illumina HiSeq 2000	2	6/19/17	TARA_20101104T1816Z_078_Combined-EVENTS_CAST_MB_D_(120 m)_BACT_NUC-DNA(100L)_W0.22-3_TARA_B100000530
tara_S0104	TARA_A100001403	11/4/10	TARA_078	srf	A	5	-30.1367	-43.2899	south atlantic	ERS490659	ERR599006	Illumina HiSeq 2000	2	6/19/17	TARA_20101104T1004Z_078_EVENT_PUMP_P_S_(5 m)_BACT_NUC-RNA(10L-or-10min)_W0.22-3_TARA_B100000524
tara_S0105	TARA_A100001035	11/4/10	TARA_078	srf	B	5	-30.1367	-43.2899	south atlantic	ERS490659	ERR599022	Illumina HiSeq 2000	2	6/19/17	TARA_20101104T1004Z_078_EVENT_PUMP_P_S_(5 m)_BACT_NUC-RNA(10L-or-10min)_W0.22-3_TARA_B100000524
tara_S0106	TARA_A100001035	12/6/10	TARA_082	dcm	A	40	-47.2007	-57.9446	south atlantic	ERS490928	ERR599027	Illumina HiSeq 2000	2	6/19/17	TARA_20101206T1858Z_082_EVENT_PUMP_P_D_(40 m)_BACT_NUC-RNA(10L-or-10min)_W0.22-3_TARA_B100000767
tara_S0107	TARA_A100001035	12/6/10	TARA_082	dcm	B	40	-47.2007	-57.9446	south atlantic	ERS490928	ERR599122	Illumina HiSeq 2000	2	6/19/17	TARA_20101206T1858Z_082_EVENT_PUMP_P_D_(40 m)_BACT_NUC-RNA(10L-or-10min)_W0.22-3_TARA_B100000767
tara_S0108	TARA_A100001234	12/6/10	TARA_082	srf	A	5	-47.1863	-58.2902	south atlantic	ERS490885	ERR599009	Illumina HiSeq 2000	2	6/19/17	TARA_20101206T1033Z_082_EVENT_PUMP_P_S_(5 m)_BACT_NUC-RNA(10L-or-10min)_W0.22-3_TARA_B100000768
tara_S0109	TARA_A100001234	12/6/10	TARA_082	srf	B	5	-47.1863	-58.2902	south atlantic	ERS490885	ERR599035	Illumina HiSeq 2000	2	6/19/17	TARA_20101206T1033Z_082_EVENT_PUMP_P_S_(5 m)_BACT_NUC-RNA(10L-or-10min)_W0.22-3_TARA_B100000768
tara_S0110	TARA_B100000003	1/3/11	TARA_084	srf	A	5	-60.2287	-60.6476	southern ocean	ERS491001	ERR598945	Illumina HiSeq 2000	2	6/19/17	TARA_20110103T1105Z_084_EVENT_PUMP_P_S_(5 m)_BACT_NUC-RNA(10L-or-10min)_W0.22-3_TARA_B100000780
tara_S0111	TARA_B100000003	1/3/11	TARA_084	srf	B	5	-60.2287	-60.6476	southern ocean	ERS491001	ERR599059	Illumina HiSeq 2000	2	6/19/17	TARA_20110103T1105Z_084_EVENT_PUMP_P_S_(5 m)_BACT_NUC-RNA(10L-or-10min)_W0.22-3_TARA_B100000780
tara_S0112	TARA_B100000034	1/6/11	TARA_085	dcm	A	89	-62.2231	-49.2139	southern ocean	ERS491095	ERR599104	Illumina HiSeq 2000	2	6/19/17	TARA_20110106T1936Z_085_Combined-EVENTS_CAST_MB_D_(90 m)_BACT_NUC-RNA(10L-or-10min)_W0.22-3_TARA_B100000795
tara_S0113	TARA_B100000034	1/6/11	TARA_085	dcm	B	89	-62.2231	-49.2139	southern ocean	ERS491095	ERR599121	Illumina HiSeq 2000	2	6/19/17	TARA_20110106T1936Z_085_Combined-EVENTS_CAST_MB_D_(90 m)_BACT_NUC-RNA(10L-or-10min)_W0.22-3_TARA_B100000795
tara_S0114	TARA_B100000066	1/6/11	TARA_085	srf	A	5	-62.0385	-49.529	southern ocean	ERS491044	ERR599090	Illumina HiSeq 2000	2	6/19/17	TARA_20110106T1038Z_085_EVENT_PUMP_P_S_(5 m)_BACT_NUC-RNA(10L-or-10min)_W0.22-3_TARA_B100000787
tara_S0115	TARA_B100000066	1/6/11	TARA_085	srf	B	5	-62.0385	-49.529	southern ocean	ERS491044	ERR599176	Illumina HiSeq 2000	2	6/19/17	TARA_20110106T1038Z_085_EVENT_PUMP_P_S_(5 m)_BACT_NUC-RNA(10L-or-10min)_W0.22-3_TARA_B100000787
tara_S0116	TARA_B100000282	3/12/11	TARA_093	dcm	A	35	-33.9116	-73.0537	south pacific	ERS491463	ERR598965	Illumina HiSeq 2000	2	6/19/17	TARA_20110312T1937Z_093_Combined-EVENTS_CAST_MB_D_(35 m)_BACT_NUC-DNA(100L)_W0.22-3_TARA_B100001059
tara_S0117	TARA_B100000282	3/12/11	TARA_093	srf	A	5	-34.0614	-73.1066	south pacific	ERS491421	ERR599064	Illumina HiSeq 2000	2	6/19/17	TARA_20110312T1134Z_093_EVENT_PUMP_P_S_(5 m)_BACT_NUC-DNA(100L)_W0.22-3_TARA_B100001063
tara_S0118	TARA_B100000123	3/18/11	TARA_094	srf	A	5	-32.7971	-87.0693	south pacific	ERS491492	ERR599050	Illumina HiSeq 2000	2	6/19/17	TARA_20110318T1157Z_094_EVENT_PUMP_P_S_(5 m)_BACT_NUC-DNA(100L)_W0.22-3_TARA_B100001057
tara_S0119	TARA_B100000123	3/24/11	TARA_096	srf	A	5	-29.7238	-101.1604	south pacific	ERS491525	ERR598967	Illumina HiSeq 2000	2	6/19/17	TARA_20110324T1300Z_096_EVENT_PUMP_P_S_(5 m)_BACT_NUC-DNA(100L)_W0.22-3_TARA_B100000989
tara_S0120	TARA_B100000161	4/3/11	TARA_098	dcm	A	187.5	-25.826	-111.7294	south pacific	ERS491740	ERR599042	Illumina HiSeq 2000	2	6/19/17	TARA_20110403T2150Z_098_Combined-EVENTS_CAST_MB_D_(188 m)_BACT_NUC-DNA(100L)_W0.22-3_TARA_B100001029
tara_S0121	TARA_B100000161	4/3/11	TARA_098	dcm	B	187.5	-25.826	-111.7294	south pacific	ERS491740	ERR599079	Illumina HiSeq 2000	2	6/19/17	TARA_20110403T2150Z_098_Combined-EVENTS_CAST_MB_D_(188 m)_BACT_NUC-DNA(100L)_W0.22-3_TARA_B100001029
tara_S0122	TARA_B100000242	4/3/11	TARA_098	srf	A	5	-25.8051	-111.7202	south pacific	ERS491699	ERR599093	Illumina HiSeq 2000	2	6/19/17	TARA_20110403T1344Z_098_EVENT_PUMP_P_S_(5 m)_BACT_NUC-DNA(100L)_W0.22-3_TARA_B100001027
tara_S0123	TARA_B100000242	4/3/11	TARA_098	srf	B	5	-25.8051	-111.7202	south pacific	ERS491699	ERR599120	Illumina HiSeq 2000	2	6/19/17	TARA_20110403T1344Z_098_EVENT_PUMP_P_S_(5 m)_BACT_NUC-DNA(100L)_W0.22-3_TARA_B100001027
tara_S0124	TARA_B100000212	4/9/11	TARA_099	srf	A	5	-21.146	-104.787	south pacific	ERS491804	ERR599024	Illumina HiSeq 2000	2	6/19/17	TARA_20110409T1356Z_099_EVENT_PUMP_P_S_(5 m)_BACT_NUC-DNA(100L)_W0.22-3_TARA_B100000886
tara_S0125	TARA_B100000212	4/15/11	TARA_100	dcm	A	50	-12.9723	-96.0122	south pacific	ERS491874	ERR599081	Illumina HiSeq 2000	2	6/19/17	TARA_20110415T1938Z_100_EVENT_PUMP_P_D_(50 m)_BACT_NUC-RNA(10L-or-10min)_W0.22-3_TARA_B100000965
tara_S0126	TARA_B000000609	4/15/11	TARA_100	dcm	B	50	-12.9723	-96.0122	south pacific	ERS491874	ERR599113	Illumina HiSeq 2000	2	6/19/17	TARA_20110415T1938Z_100_EVENT_PUMP_P_D_(50 m)_BACT_NUC-RNA(10L-or-10min)_W0.22-3_TARA_B100000965
tara_S0127	TARA_B000000565	4/16/11	TARA_100	dcm	A	177	-12.9794	-96.0232	south pacific	ERS491913	ERR598946	Illumina HiSeq 2000	2	6/19/17	TARA_20110416T1306Z_100_Combined-EVENTS_CAST_MB_M_(177 m)_BACT_NUC-RNA(10L-or-10min)_W0.22-3_TARA_B100000959
tara_S0128	TARA_B000000532	4/16/11	TARA_100	dcm	B	177	-12.9794	-96.0232	south pacific	ERS491913	ERR598953	Illumina HiSeq 2000	2	6/19/17	TARA_20110416T1306Z_100_Combined-EVENTS_CAST_MB_M_(177 m)_BACT_NUC-RNA(10L-or-10min)_W0.22-3_TARA_B100000959
tara_S0129	TARA_B100000401	4/16/11	TARA_100	dcm	C	177	-12.9794	-96.0232	south pacific	ERS491913	ERR598981	Illumina HiSeq 2000	2	6/19/17	TARA_20110416T1306Z_100_Combined-EVENTS_CAST_MB_M_(177 m)_BACT_NUC-RNA(10L-or-10min)_W0.22-3_TARA_B100000959
tara_S0130	TARA_B100000401	4/15/11	TARA_100	srf	A	5	-13.0023	-95.9759	south pacific	ERS491836	ERR599063	Illumina HiSeq 2000	2	6/19/17	TARA_20110415T1245Z_100_EVENT_PUMP_P_S_(5 m)_BACT_NUC-RNA(10L-or-10min)_W0.22-3_TARA_B100000963
tara_S0131	TARA_B100000401	4/15/11	TARA_100	srf	B	5	-13.0023	-95.9759	south pacific	ERS491836	ERR599163	Illumina HiSeq 2000	2	6/19/17	TARA_20110415T1245Z_100_EVENT_PUMP_P_S_(5 m)_BACT_NUC-RNA(10L-or-10min)_W0.22-3_TARA_B100000963
tara_S0132	TARA_B000000437	4/15/11	TARA_100	srf	C	5	-13.0023	-95.9759	south pacific	ERS491836	ERR599169	Illumina HiSeq 2000	2	6/19/17	TARA_20110415T1245Z_100_EVENT_PUMP_P_S_(5 m)_BACT_NUC-RNA(10L-or-10min)_W0.22-3_TARA_B100000963
tara_S0133	TARA_B000000437	4/22/11	TARA_102	dcm	A	40	-5.2669	-85.2732	south pacific	ERS492012	ERR598962	Illumina HiSeq 2000	2	6/19/17	TARA_20110422T2113Z_102_EVENT_PUMP_P_D_(40 m)_BACT_NUC-RNA(10L-or-10min)_W0.22-3_TARA_B100000902
tara_S0134	TARA_B000000475	4/22/11	TARA_102	dcm	B	40	-5.2669	-85.2732	south pacific	ERS492012	ERR599007	Illumina HiSeq 2000	2	6/19/17	TARA_20110422T2113Z_102_EVENT_PUMP_P_D_(40 m)_BACT_NUC-RNA(10L-or-10min)_W0.22-3_TARA_B100000902
tara_S0135	TARA_B000000475	4/22/11	TARA_102	dcm	C	40	-5.2669	-85.2732	south pacific	ERS492012	ERR599168	Illumina HiSeq 2000	2	6/19/17	TARA_20110422T2113Z_102_EVENT_PUMP_P_D_(40 m)_BACT_NUC-RNA(10L-or-10min)_W0.22-3_TARA_B100000902
tara_S0136	TARA_B000000475	4/21/11	TARA_102	srf	A	5	-5.2529	-85.1545	south pacific	ERS491938	ERR598943	Illumina HiSeq 2000	2	6/19/17	TARA_20110421T2007Z_102_EVENT_PUMP_P_S_(5 m)_BACT_NUC-RNA(10L-or-10min)_W0.22-3_TARA_B100000900
tara_S0137	TARA_B100000497	4/21/11	TARA_102	srf	B	5	-5.2529	-85.1545	south pacific	ERS491938	ERR598978	Illumina HiSeq 2000	2	6/19/17	TARA_20110421T2007Z_102_EVENT_PUMP_P_S_(5 m)_BACT_NUC-RNA(10L-or-10min)_W0.22-3_TARA_B100000900
tara_S0138	TARA_B100000497	5/12/11	TARA_109	dcm	A	30	2.0299	-84.5546	south pacific	ERS492177	ERR598952	Illumina HiSeq 2000	2	6/19/17	TARA_20110512T2215Z_109_EVENT_PUMP_P_D_(30 m)_BACT_NUC-RNA(10L-or-10min)_W0.22-3_TARA_B100000927
tara_S0139	TARA_B100000475	5/12/11	TARA_109	dcm	B	30	2.0299	-84.5546	south pacific	ERS492177	ERR599065	Illumina HiSeq 2000	2	6/19/17	TARA_20110512T2215Z_109_EVENT_PUMP_P_D_(30 m)_BACT_NUC-RNA(10L-or-10min)_W0.22-3_TARA_B100000927
tara_S0140	TARA_B100000475	5/12/11	TARA_109	dcm	C	30	2.0299	-84.5546	south pacific	ERS492177	ERR599108	Illumina HiSeq 2000	2	6/19/17	TARA_20110512T2215Z_109_EVENT_PUMP_P_D_(30 m)_BACT_NUC-RNA(10L-or-10min)_W0.22-3_TARA_B100000927
tara_S0141	TARA_B100000475	5/12/11	TARA_109	srf	A	5	1.9928	-84.5766	south pacific	ERS492145	ERR598997	Illumina HiSeq 2000	2	6/19/17	TARA_20110512T1400Z_109_EVENT_PUMP_P_S_(5 m)_BACT_NUC-RNA(10L-or-10min)_W0.22-3_TARA_B100000925
tara_S0142	TARA_B100000459	5/12/11	TARA_109	srf	B	5	1.9928	-84.5766	south pacific	ERS492145	ERR599118	Illumina HiSeq 2000	2	6/19/17	TARA_20110512T1400Z_109_EVENT_PUMP_P_S_(5 m)_BACT_NUC-RNA(10L-or-10min)_W0.22-3_TARA_B100000925
tara_S0143	TARA_B100000459	5/21/11	TARA_110	dcm	A	50	-1.9002	-84.6265	south pacific	ERS492264	ERR599014	Illumina HiSeq 2000	2	6/19/17	TARA_20110521T2100Z_110_EVENT_PUMP_P_D_(50 m)_BACT_NUC-DNA(100L)_W0.22-3_TARA_B100001113
tara_S0144	TARA_B100000424	5/21/11	TARA_110	srf	A	5	-2.0133	-84.589	south pacific	ERS492228	ERR599039	Illumina HiSeq 2000	2	6/19/17	TARA_20110521T1227Z_110_EVENT_PUMP_P_S_(5 m)_BACT_NUC-DNA(100L)_W0.22-3_TARA_B100001109
tara_S0145	TARA_B100000424	5/31/11	TARA_111	dcm	A	90.5	-16.9587	-100.6751	south pacific	ERS492357	ERR598961	Illumina HiSeq 2000	2	6/19/17	TARA_20110531T2030Z_111_Combined-EVENTS_CAST_MB_D_(90 m)_BACT_NUC-RNA(10L-or-10min)_W0.22-3_TARA_B100000579
tara_S0146	TARA_B100000513	5/31/11	TARA_111	srf	A	5	-16.9601	-100.6335	south pacific	ERS492321	ERR599077	Illumina HiSeq 2000	2	6/19/17	TARA_20110531T1425Z_111_EVENT_PUMP_P_S_(5 m)_BACT_NUC-RNA(10L-or-10min)_W0.22-3_TARA_B100000575
tara_S0147	TARA_B100000513	6/15/11	TARA_112	dcm	A	155.5	-23.2189	-129.4997	south pacific	ERS492445	ERR598957	Illumina HiSeq 2000	2	6/19/17	TARA_20110615T0059Z_112_Combined-EVENTS_CAST_MB_D_(155 m)_BACT_NUC-DNA(100L)_W0.22-3_TARA_B100000945
tara_S0148	TARA_B100000524	6/14/11	TARA_112	srf	A	5	-23.2811	-129.3947	south pacific	ERS492408	ERR598954	Illumina HiSeq 2000	2	6/19/17	TARA_20110614T1645Z_112_EVENT_PUMP_P_S_(5 m)_BACT_NUC-DNA(100L)_W0.22-3_TARA_B100000941
tara_S0149	TARA_B100000524	7/28/11	TARA_122	dcm	A	115	-9.0063	-139.1394	south pacific	ERS492699	ERR598948	Illumina HiSeq 2000	2	6/19/17	TARA_20110728T1718Z_122_Combined-EVENTS_CAST_MB_D_(115 m)_BACT_NUC-RNA(10L-or-10min)_W0.22-3_TARA_B100000700
tara_S0150	TARA_B100000768	7/26/11	TARA_122	srf	A	5	-8.9971	-139.1963	south pacific	ERS492642	ERR598992	Illumina HiSeq 2000	2	6/19/17	TARA_20110726T1710Z_122_EVENT_PUMP_P_S_(5 m)_BACT_NUC-RNA(10L-or-10min)_W0.22-3_TARA_B100001115
tara_S0151	TARA_B100000768	8/1/11	TARA_123	dcm	A	150	-8.9109	-140.2845	south pacific	ERS492778	ERR598956	Illumina HiSeq 2000	2	6/19/17	TARA_20110801T1755Z_123_Combined-EVENTS_CAST_MB_X_(150 m)_BACT_NUC-RNA(10L-or-10min)_W0.22-3_TARA_B100000686
tara_S0152	TARA_B100000780	8/1/11	TARA_123	dcm	B	150	-8.9109	-140.2845	south pacific	ERS492778	ERR598998	Illumina HiSeq 2000	2	6/19/17	TARA_20110801T1755Z_123_Combined-EVENTS_CAST_MB_X_(150 m)_BACT_NUC-RNA(10L-or-10min)_W0.22-3_TARA_B100000686
tara_S0153	TARA_B100000780	8/1/11	TARA_123	dcm	C	150	-8.9109	-140.2845	south pacific	ERS492778	ERR599117	Illumina HiSeq 2000	2	6/19/17	TARA_20110801T1755Z_123_Combined-EVENTS_CAST_MB_X_(150 m)_BACT_NUC-RNA(10L-or-10min)_W0.22-3_TARA_B100000686
tara_S0154	TARA_B100000787	8/1/11	TARA_123	dcm	D	150	-8.9109	-140.2845	south pacific	ERS492778	ERR599157	Illumina HiSeq 2000	2	6/19/17	TARA_20110801T1755Z_123_Combined-EVENTS_CAST_MB_X_(150 m)_BACT_NUC-RNA(10L-or-10min)_W0.22-3_TARA_B100000686
tara_S0155	TARA_B100000787	7/31/11	TARA_123	srf	A	5	-8.9068	-140.283	south pacific	ERS492733	ERR599160	Illumina HiSeq 2000	2	6/19/17	TARA_20110731T1720Z_123_EVENT_PUMP_P_S_(5 m)_BACT_NUC-RNA(10L-or-10min)_W0.22-3_TARA_B100000683
tara_S0156	TARA_B100001063	8/5/11	TARA_124	dcm	A	120	-9.0714	-140.5973	south pacific	ERS492863	ERR598988	Illumina HiSeq 2000	2	6/19/17	TARA_20110805T1733Z_124_Combined-EVENTS_CAST_MB_X_(120 m)_BACT_NUC-RNA(10L-or-10min)_W0.22-3_TARA_B100000676
tara_S0157	TARA_B100001057	8/5/11	TARA_124	dcm	B	120	-9.0714	-140.5973	south pacific	ERS492863	ERR599084	Illumina HiSeq 2000	2	6/19/17	TARA_20110805T1733Z_124_Combined-EVENTS_CAST_MB_X_(120 m)_BACT_NUC-RNA(10L-or-10min)_W0.22-3_TARA_B100000676
tara_S0158	TARA_B100000989	8/5/11	TARA_124	dcm	C	120	-9.0714	-140.5973	south pacific	ERS492863	ERR599089	Illumina HiSeq 2000	2	6/19/17	TARA_20110805T1733Z_124_Combined-EVENTS_CAST_MB_X_(120 m)_BACT_NUC-RNA(10L-or-10min)_W0.22-3_TARA_B100000676
tara_S0159	TARA_B100001027	8/5/11	TARA_124	dcm	D	120	-9.0714	-140.5973	south pacific	ERS492863	ERR599161	Illumina HiSeq 2000	2	6/19/17	TARA_20110805T1733Z_124_Combined-EVENTS_CAST_MB_X_(120 m)_BACT_NUC-RNA(10L-or-10min)_W0.22-3_TARA_B100000676
tara_S0160	TARA_B100001027	8/4/11	TARA_124	srf	A	5	-9.1504	-140.5216	south pacific	ERS492814	ERR599036	Illumina HiSeq 2000	2	6/19/17	TARA_20110804T1833Z_124_EVENT_PUMP_P_S_(5 m)_BACT_NUC-RNA(10L-or-10min)_W0.22-3_TARA_B100000674
tara_S0161	TARA_B100000886	8/4/11	TARA_124	srf	B	5	-9.1504	-140.5216	south pacific	ERS492814	ERR599069	Illumina HiSeq 2000	2	6/19/17	TARA_20110804T1833Z_124_EVENT_PUMP_P_S_(5 m)_BACT_NUC-RNA(10L-or-10min)_W0.22-3_TARA_B100000674
tara_S0162	TARA_B100000963	8/4/11	TARA_124	srf	C	5	-9.1504	-140.5216	south pacific	ERS492814	ERR599080	Illumina HiSeq 2000	2	6/19/17	TARA_20110804T1833Z_124_EVENT_PUMP_P_S_(5 m)_BACT_NUC-RNA(10L-or-10min)_W0.22-3_TARA_B100000674
tara_S0163	TARA_B100000963	8/4/11	TARA_124	srf	D	5	-9.1504	-140.5216	south pacific	ERS492814	ERR599151	Illumina HiSeq 2000	2	6/19/17	TARA_20110804T1833Z_124_EVENT_PUMP_P_S_(5 m)_BACT_NUC-RNA(10L-or-10min)_W0.22-3_TARA_B100000674
tara_S0164	TARA_B100000963	8/9/11	TARA_125	dcm	A	140	-8.8999	-142.5461	south pacific	ERS492926	ERR599156	Illumina HiSeq 2000	2	6/19/17	TARA_20110809T1708Z_125_Combined-EVENTS_CAST_MB_X_(140 m)_BACT_NUC-RNA(10L-or-10min)_W0.22-3_TARA_B100001123
tara_S0165	TARA_B100000900	8/8/11	TARA_125	srf	A	5	-8.9111	-142.5571	south pacific	ERS492888	ERR599066	Illumina HiSeq 2000	2	6/19/17	TARA_20110808T1733Z_125_EVENT_PUMP_P_S_(5 m)_BACT_NUC-RNA(10L-or-10min)_W0.22-3_TARA_B100001121
tara_S0166	TARA_B100000900	8/8/11	TARA_125	srf	B	5	-8.9111	-142.5571	south pacific	ERS492888	ERR599091	Illumina HiSeq 2000	2	6/19/17	TARA_20110808T1733Z_125_EVENT_PUMP_P_S_(5 m)_BACT_NUC-RNA(10L-or-10min)_W0.22-3_TARA_B100001121
tara_S0167	TARA_B100000925	8/8/11	TARA_125	srf	C	5	-8.9111	-142.5571	south pacific	ERS492888	ERR599114	Illumina HiSeq 2000	2	6/19/17	TARA_20110808T1733Z_125_EVENT_PUMP_P_S_(5 m)_BACT_NUC-RNA(10L-or-10min)_W0.22-3_TARA_B100001121
tara_S0168	TARA_B100000925	8/8/11	TARA_125	srf	D	5	-8.9111	-142.5571	south pacific	ERS492888	ERR599119	Illumina HiSeq 2000	2	6/19/17	TARA_20110808T1733Z_125_EVENT_PUMP_P_S_(5 m)_BACT_NUC-RNA(10L-or-10min)_W0.22-3_TARA_B100001121
tara_S0169	TARA_B100001109	9/5/11	TARA_128	dcm	A	40	0.0222	-153.6858	south pacific	ERS493098	ERR599032	Illumina HiSeq 2000	2	6/19/17	TARA_20110905T1840Z_128_EVENT_PUMP_P_D_(40 m)_BACT_NUC-DNA(100L)_W0.22-3_TARA_B100000614
tara_S0170	TARA_B100000575	9/4/11	TARA_128	srf	A	5	0.0003	-153.6759	south pacific	ERS493044	ERR599038	Illumina HiSeq 2000	2	6/19/17	TARA_20110904T1800Z_128_EVENT_PUMP_P_S_(5 m)_BACT_NUC-DNA(100L)_W0.22-3_TARA_B100000609
tara_S0171	TARA_B100000941	10/5/11	TARA_132	dcm	A	115.5	31.5168	-159.046	north pacific	ERS493340	ERR598995	Illumina HiSeq 2000	2	6/19/17	TARA_20111005T0101Z_132_Combined-EVENTS_CAST_MB_D_(115 m)_BACT_NUC-DNA(100L)_W0.22-3_TARA_B100001250
tara_S0172	TARA_B100001115	10/4/11	TARA_132	srf	A	5	31.5213	-158.9958	north pacific	ERS493300	ERR599142	Illumina HiSeq 2000	2	6/19/17	TARA_20111004T1746Z_132_EVENT_PUMP_P_S_(5 m)_BACT_NUC-DNA(100L)_W0.22-3_TARA_B100001248
tara_S0173	TARA_B100000683	10/19/11	TARA_133	dcm	A	45	35.4002	-127.7499	north pacific	ERS493431	ERR598942	Illumina HiSeq 2000	2	6/19/17	TARA_20111019T0009Z_133_EVENT_PUMP_P_D_(45 m)_BACT_NUC-DNA(100L)_W0.22-3_TARA_B100001094
tara_S0174	TARA_B100000674	10/18/11	TARA_133	srf	A	5	35.3671	-127.7422	north pacific	ERS493390	ERR599052	Illumina HiSeq 2000	2	6/19/17	TARA_20111018T1535Z_133_EVENT_PUMP_P_S_(5 m)_BACT_NUC-DNA(100L)_W0.22-3_TARA_B100001093
tara_S0175	TARA_B100000674	12/2/11	TARA_137	dcm	A	40	14.2075	-116.6468	north pacific	ERS493670	ERR598987	Illumina HiSeq 2000	2	6/19/17	TARA_20111202T2042Z_137_EVENT_PUMP_MB_D_(40 m)_BACT_NUC-RNA(10L-or-10min)_W0.22-3_TARA_B100001964
tara_S0176	TARA_B100000674	12/2/11	TARA_137	dcm	B	40	14.2075	-116.6468	north pacific	ERS493670	ERR599070	Illumina HiSeq 2000	2	6/19/17	TARA_20111202T2042Z_137_EVENT_PUMP_MB_D_(40 m)_BACT_NUC-RNA(10L-or-10min)_W0.22-3_TARA_B100001964
tara_S0177	TARA_B100000674	12/2/11	TARA_137	dcm	C	40	14.2075	-116.6468	north pacific	ERS493670	ERR599099	Illumina HiSeq 2000	2	6/19/17	TARA_20111202T2042Z_137_EVENT_PUMP_MB_D_(40 m)_BACT_NUC-RNA(10L-or-10min)_W0.22-3_TARA_B100001964
tara_S0178	TARA_B100001121	12/2/11	TARA_137	dcm	D	40	14.2075	-116.6468	north pacific	ERS493670	ERR599147	Illumina HiSeq 2000	2	6/19/17	TARA_20111202T2042Z_137_EVENT_PUMP_MB_D_(40 m)_BACT_NUC-RNA(10L-or-10min)_W0.22-3_TARA_B100001964
tara_S0179	TARA_B100001121	12/2/11	TARA_137	srf	A	5	14.2035	-116.6261	north pacific	ERS493636	ERR598989	Illumina HiSeq 2000	2	6/19/17	TARA_20111202T1412Z_137_EVENT_PUMP_P_S_(5 m)_BACT_NUC-RNA(10L-or-10min)_W0.22-3_TARA_B100001287
tara_S0180	TARA_B100001121	12/11/11	TARA_138	dcm	A	59.5	6.3378	-102.9538	north pacific	ERS493788	ERR599087	Illumina HiSeq 2000	2	6/19/17	TARA_20111211T1332Z_138_Combined-EVENTS_CAST_MB_D_(60 m)_BACT_NUC-RNA(10L-or-10min)_W0.22-3_TARA_B100001996
tara_S0181	TARA_B100001121	12/10/11	TARA_138	srf	A	5	6.3332	-102.9432	north pacific	ERS493752	ERR599030	Illumina HiSeq 2000	2	6/19/17	TARA_20111210T1408Z_138_EVENT_PUMP_P_S_(5 m)_BACT_NUC-RNA(10L-or-10min)_W0.22-3_TARA_B100001989
tara_S0182	TARA_B100000609	12/21/11	TARA_140	srf	A	5	7.4122	-79.3017	north pacific	ERS493877	ERR599162	Illumina HiSeq 2000	2	6/19/17	TARA_20111221T1620Z_140_EVENT_PUMP_P_S_(5 m)_BACT_NUC-DNA(100L)_W0.22-3_TARA_B100002019
tara_S0183	TARA_B100001248	12/30/11	TARA_141	srf	A	5	9.8481	-80.0454	north atlantic	ERS493914	ERR599029	Illumina HiSeq 2000	2	6/19/17	TARA_20111230T1335Z_141_EVENT_PUMP_P_S_(5 m)_BACT_NUC-DNA(100L)_W0.22-3_TARA_B100001939
tara_S0184	TARA_B100001093	1/9/12	TARA_142	dcm	A	125.5	25.6168	-88.4532	north atlantic	ERS493981	ERR599100	Illumina HiSeq 2000	2	6/19/17	TARA_20120109T2019Z_142_Combined-EVENTS_CAST_MB_D_(125 m)_BACT_NUC-DNA(100L)_W0.22-3_TARA_B100002052
tara_S0185	TARA_B100001287	1/9/12	TARA_142	srf	A	5	25.5264	-88.394	north atlantic	ERS493938	ERR599136	Illumina HiSeq 2000	2	6/19/17	TARA_20120109T1341Z_142_EVENT_PUMP_P_S_(5 m)_BACT_NUC-DNA(100L)_W0.22-3_TARA_B100002051
tara_S0186	TARA_B100001989	2/2/12	TARA_145	srf	A	5	39.2305	-70.0377	north atlantic	ERS494170	ERR598983	Illumina HiSeq 2000	2	6/19/17	TARA_20120202T1152Z_145_EVENT_PUMP_P_S_(5 m)_BACT_NUC-DNA(100L)_W0.22-3_TARA_B100001142
tara_S0187	TARA_B100002019	2/15/12	TARA_146	srf	A	5	34.6712	-71.3093	north atlantic	ERS494236	ERR598968	Illumina HiSeq 2000	2	6/19/17	TARA_20120215T1254Z_146_EVENT_PUMP_P_S_(5 m)_BACT_NUC-DNA(100L)_W0.22-3_TARA_B100001540
tara_S0188	TARA_B100001939	2/27/12	TARA_148	dcm	A	249	34.1504	-56.9684	north atlantic	ERS494374	ERR598958	Illumina HiSeq 2000	2	6/19/17	TARA_20120227T1532Z_148b_Combined-EVENTS_CAST_MB_M_(250 m)_BACT_NUC-RNA(10L-or-10min)_W0.22-3_TARA_B100001750
tara_S0189	TARA_B100002051	2/24/12	TARA_148	srf	A	5	31.6948	-64.2489	north atlantic	ERS494332	ERR599123	Illumina HiSeq 2000	2	6/19/17	TARA_20120224T1140Z_148_EVENT_PUMP_P_S_(5 m)_BACT_NUC-RNA(10L-or-10min)_W0.22-3_TARA_B100001741
tara_S0190	TARA_B100001142	3/1/12	TARA_149	srf	A	5	34.1132	-49.9181	north atlantic	ERS494394	ERR598963	Illumina HiSeq 2000	2	6/19/17	TARA_20120301T1048Z_149_EVENT_PUMP_P_S_(5 m)_BACT_NUC-RNA(10L-or-10min)_W0.22-3_TARA_B100001758
tara_S0191	TARA_B100001540	3/5/12	TARA_150	dcm	A	40	35.8427	-37.1526	north atlantic	ERS494488	ERR598996	Illumina HiSeq 2000	2	6/19/17	TARA_20120305T1734Z_150_EVENT_PUMP_P_D_(40 m)_BACT_NUC-DNA(100L)_W0.22-3_TARA_B100001778
tara_S0192	TARA_B100001741	3/5/12	TARA_150	srf	A	5	35.9346	-37.3032	north atlantic	ERS494445	ERR599170	Illumina HiSeq 2000	2	6/19/17	TARA_20120305T0925Z_150_EVENT_PUMP_P_S_(5 m)_BACT_NUC-RNA(10L-or-10min)_W0.22-3_TARA_B100001769
tara_S0193	TARA_B100001758	3/9/12	TARA_151	dcm	A	79	36.1811	-28.9373	north atlantic	ERS494559	ERR598986	Illumina HiSeq 2000	2	6/19/17	TARA_20120309T1745Z_151_Combined-EVENTS_CAST_MB_D_(80 m)_BACT_NUC-DNA(100L)_W0.22-3_TARA_B100001559
tara_S0194	TARA_B100001769	3/9/12	TARA_151	srf	A	5	36.1715	-29.023	north atlantic	ERS494518	ERR598976	Illumina HiSeq 2000	2	6/19/17	TARA_20120309T0859Z_151_EVENT_PUMP_P_S_(5 m)_BACT_NUC-RNA(10L-or-10min)_W0.22-3_TARA_B100001564
tara_S0195	TARA_B100001564	3/19/12	TARA_152	dcm	A	82.5	43.7684	-16.9047	north atlantic	ERS494628	ERR599001	Illumina HiSeq 2000	2	6/19/17	TARA_20120319T1848Z_152_EVENT_CAST_B2-B10_I_(5-160 m)_BACT_NUC-DNA(100L)_W0.22-3_TARA_B100002029
tara_S0196	TARA_B100001173	3/19/12	TARA_152	srf	A	5	43.6792	-16.8344	north atlantic	ERS494579	ERR599078	Illumina HiSeq 2000	2	6/19/17	TARA_20120319T0818Z_152_EVENT_PUMP_P_S_(5 m)_BACT_NUC-DNA(100L)_W0.22-3_TARA_B100001173
tara_S0197	TARA_B100000315	3/12/10	TARA_037	meso	A	600.5	20.8457	63.5851	indian	ERS488769	ERR599062	Illumina HiSeq 2000	2	6/19/17	TARA_20100313T0507Z_037_Combined-EVENTS_CAST_MB_M_(600 m)_BACT_NUC-RNA(10L-or-10min)_W0.22-1.6_TARA_B100000315
tara_S0198	TARA_B100000071	3/16/10	TARA_038	meso	A	341	19.0351	64.5638	indian	ERS488849	ERR599109	Illumina HiSeq 2000	2	6/19/17	TARA_20100316T0614Z_038_Combined-EVENTS_CAST_MB_M_(340 m)_BACT_NUC-RNA(10L-or-10min)_W0.22-1.6_TARA_B100000071
tara_S0199	TARA_B100000071	3/16/10	TARA_038	meso	B	341	19.0351	64.5638	indian	ERS488849	ERR599167	Illumina HiSeq 2000	2	6/19/17	TARA_20100316T0614Z_038_Combined-EVENTS_CAST_MB_M_(340 m)_BACT_NUC-RNA(10L-or-10min)_W0.22-1.6_TARA_B100000071
tara_S0200	TARA_B100000378	6/26/10	TARA_056	meso	A	999	-15.3379	43.2948	indian	ERS489727	ERR599112	Illumina HiSeq 2000	2	6/19/17	TARA_20100626T0713Z_056_EVENT_CAST_B5_M_(1000 m)_BACT_NUC-DNA(100L)_W0.22-3_TARA_B100000378
tara_S0201	TARA_B100000408	7/7/10	TARA_064	meso	A	1000	-29.5046	37.9599	indian	ERS489987	ERR599021	Illumina HiSeq 2000	2	6/19/17	TARA_20100707T1217Z_064_Combined-EVENTS_CAST_MB_M_(1000 m)_BACT_NUC-DNA(100L)_W0.22-3_TARA_B100000408
tara_S0202	TARA_B100000408	7/7/10	TARA_064	meso	B	1000	-29.5046	37.9599	indian	ERS489987	ERR599164	Illumina HiSeq 2000	2	6/19/17	TARA_20100707T1217Z_064_Combined-EVENTS_CAST_MB_M_(1000 m)_BACT_NUC-DNA(100L)_W0.22-3_TARA_B100000408
tara_S0203	TARA_B000000460	7/12/10	TARA_065	meso	A	850	-35.1889	26.2905	indian	ERS490065	ERR598960	Illumina HiSeq 2000	2	6/19/17	TARA_20100712T0650Z_065_Combined-EVENTS_CAST_MB_M_(850 m)_BACT_NUC-DNA(100L)_W0.22-3_TARA_B000000460
tara_S0204	TARA_B000000460	7/12/10	TARA_065	meso	B	850	-35.1889	26.2905	indian	ERS490065	ERR599034	Illumina HiSeq 2000	2	6/19/17	TARA_20100712T0650Z_065_Combined-EVENTS_CAST_MB_M_(850 m)_BACT_NUC-DNA(100L)_W0.22-3_TARA_B000000460
tara_S0205	TARA_B100000470	9/13/10	TARA_068	meso	A	700.5	-31.0198	4.6685	south atlantic	ERS490230	ERR598947	Illumina HiSeq 2000	2	6/19/17	TARA_20100913T1303Z_068_Combined-EVENTS_CAST_MB_M_(700 m)_BACT_NUC-DNA(100L)_W0.22-3_TARA_B100000470
tara_S0206	TARA_B100000470	9/13/10	TARA_068	meso	B	700.5	-31.0198	4.6685	south atlantic	ERS490230	ERR599131	Illumina HiSeq 2000	2	6/19/17	TARA_20100913T1303Z_068_Combined-EVENTS_CAST_MB_M_(700 m)_BACT_NUC-DNA(100L)_W0.22-3_TARA_B100000470
tara_S0207	TARA_B100000446	9/21/10	TARA_070	meso	A	798.5	-20.4075	-3.1641	south atlantic	ERS490373	ERR599044	Illumina HiSeq 2000	2	6/19/17	TARA_20100922T0637Z_070_Combined-EVENTS_CAST_MB_M_(800 m)_BACT_NUC-DNA(100L)_W0.22-3_TARA_B100000446
tara_S0208	TARA_B100000446	9/21/10	TARA_070	meso	B	798.5	-20.4075	-3.1641	south atlantic	ERS490373	ERR599149	Illumina HiSeq 2000	2	6/19/17	TARA_20100922T0637Z_070_Combined-EVENTS_CAST_MB_M_(800 m)_BACT_NUC-DNA(100L)_W0.22-3_TARA_B100000446
tara_S0209	TARA_B100000508	10/6/10	TARA_072	meso	A	800	-8.7986	-17.9034	south atlantic	ERS490507	ERR599005	Illumina HiSeq 2000	2	6/19/17	TARA_20101006T0759Z_072_Combined-EVENTS_CAST_MB_M_(800 m)_BACT_NUC-DNA(100L)_W0.22-3_TARA_B100000508
tara_S0210	TARA_B100000508	10/6/10	TARA_072	meso	B	800	-8.7986	-17.9034	south atlantic	ERS490507	ERR599048	Illumina HiSeq 2000	2	6/19/17	TARA_20101006T0759Z_072_Combined-EVENTS_CAST_MB_M_(800 m)_BACT_NUC-DNA(100L)_W0.22-3_TARA_B100000508
tara_S0211	TARA_B100000749	10/17/10	TARA_076	meso	A	800	-20.9315	-35.1794	south atlantic	ERS490633	ERR599000	Illumina HiSeq 2000	2	6/19/17	TARA_20101017T0905Z_076_Combined-EVENTS_CAST_MB_M_(800 m)_BACT_NUC-DNA(100L)_W0.22-3_TARA_B100000749
tara_S0212	TARA_B100000749	10/17/10	TARA_076	meso	B	800	-20.9315	-35.1794	south atlantic	ERS490633	ERR599154	Illumina HiSeq 2000	2	6/19/17	TARA_20101017T0905Z_076_Combined-EVENTS_CAST_MB_M_(800 m)_BACT_NUC-DNA(100L)_W0.22-3_TARA_B100000749
tara_S0213	TARA_B100000745	11/5/10	TARA_078	meso	A	800	-30.1471	-43.2915	south atlantic	ERS490714	ERR599124	Illumina HiSeq 2000	2	6/19/17	TARA_20101105T1235Z_078_Combined-EVENTS_CAST_MB_M_(800 m)_BACT_NUC-DNA(100L)_W0.22-3_TARA_B100000745
tara_S0214	TARA_B100000745	11/5/10	TARA_078	meso	B	800	-30.1471	-43.2915	south atlantic	ERS490714	ERR599159	Illumina HiSeq 2000	2	6/19/17	TARA_20101105T1235Z_078_Combined-EVENTS_CAST_MB_M_(800 m)_BACT_NUC-DNA(100L)_W0.22-3_TARA_B100000745
tara_S0215	TARA_B100000809	1/7/11	TARA_085	meso	A	791	-61.9689	-49.5017	southern ocean	ERS491110	ERR599008	Illumina HiSeq 2000	2	6/19/17	TARA_20110107T1041Z_085_Combined-EVENTS_CAST_MB_M_(790 m)_BACT_NUC-DNA(100L)_W0.22-3_TARA_B100000809
tara_S0216	TARA_B100000809	1/7/11	TARA_085	meso	B	791	-61.9689	-49.5017	southern ocean	ERS491110	ERR599125	Illumina HiSeq 2000	2	6/19/17	TARA_20110107T1041Z_085_Combined-EVENTS_CAST_MB_M_(790 m)_BACT_NUC-DNA(100L)_W0.22-3_TARA_B100000809
tara_S0217	TARA_B100001013	4/4/11	TARA_098	meso	A	487.5	-25.8076	-111.6906	south pacific	ERS491767	ERR599071	Illumina HiSeq 2000	2	6/19/17	TARA_20110404T1359Z_098_Combined-EVENTS_CAST_MB_M_(488 m)_BACT_NUC-DNA(100L)_W0.22-3_TARA_B100001013
tara_S0218	TARA_B100001013	4/4/11	TARA_098	meso	B	487.5	-25.8076	-111.6906	south pacific	ERS491767	ERR599085	Illumina HiSeq 2000	2	6/19/17	TARA_20110404T1359Z_098_Combined-EVENTS_CAST_MB_M_(488 m)_BACT_NUC-DNA(100L)_W0.22-3_TARA_B100001013
tara_S0219	TARA_B100000953	4/22/11	TARA_102	meso	A	480	-5.261	-85.1678	south pacific	ERS491980	ERR599055	Illumina HiSeq 2000	2	6/19/17	TARA_20110422T1210Z_102_Combined-EVENTS_CAST_MB_M_(480 m)_BACT_NUC-RNA(10L-or-10min)_W0.22-3_TARA_B100000953
tara_S0220	TARA_B100000953	4/22/11	TARA_102	meso	B	480	-5.261	-85.1678	south pacific	ERS491980	ERR599128	Illumina HiSeq 2000	2	6/19/17	TARA_20110422T1210Z_102_Combined-EVENTS_CAST_MB_M_(480 m)_BACT_NUC-RNA(10L-or-10min)_W0.22-3_TARA_B100000953
tara_S0221	TARA_B100000953	4/22/11	TARA_102	meso	C	480	-5.261	-85.1678	south pacific	ERS491980	ERR599132	Illumina HiSeq 2000	2	6/19/17	TARA_20110422T1210Z_102_Combined-EVENTS_CAST_MB_M_(480 m)_BACT_NUC-RNA(10L-or-10min)_W0.22-3_TARA_B100000953
tara_S0222	TARA_B100000929	5/13/11	TARA_109	meso	A	380	2.0649	-84.5546	south pacific	ERS492205	ERR598971	Illumina HiSeq 2000	2	6/19/17	TARA_20110513T1617Z_109_Combined-EVENTS_CAST_MB_M_(380 m)_BACT_NUC-RNA(10L-or-10min)_W0.22-3_TARA_B100000929
tara_S0223	TARA_B100000929	5/13/11	TARA_109	meso	B	380	2.0649	-84.5546	south pacific	ERS492205	ERR599067	Illumina HiSeq 2000	2	6/19/17	TARA_20110513T1617Z_109_Combined-EVENTS_CAST_MB_M_(380 m)_BACT_NUC-RNA(10L-or-10min)_W0.22-3_TARA_B100000929
tara_S0224	TARA_B100001079	5/22/11	TARA_110	meso	A	380.5	-1.8902	-84.6141	south pacific	ERS492294	ERR599020	Illumina HiSeq 2000	2	6/19/17	TARA_20110522T1320Z_110_Combined-EVENTS_CAST_MB_M_(380 m)_BACT_NUC-DNA(100L)_W0.22-3_TARA_B100001079
tara_S0225	TARA_B100000586	6/1/11	TARA_111	meso	A	350.5	-16.9486	-100.6715	south pacific	ERS492381	ERR599086	Illumina HiSeq 2000	2	6/19/17	TARA_20110601T1603Z_111_Combined-EVENTS_CAST_MB_M_(350 m)_BACT_NUC-DNA(100L)_W0.22-3_TARA_B100000586
tara_S0226	TARA_B100000949	6/15/11	TARA_112	meso	A	695.5	-23.2232	-129.5986	south pacific	ERS492471	ERR599072	Illumina HiSeq 2000	2	6/19/17	TARA_20110615T1845Z_112_Combined-EVENTS_CAST_MB_M_(696 m)_BACT_NUC-DNA(100L)_W0.22-3_TARA_B100000949
tara_S0227	TARA_B100000678	7/27/11	TARA_122	meso	A	600	-8.9729	-139.2393	south pacific	ERS492680	ERR598999	Illumina HiSeq 2000	2	6/19/17	TARA_20110727T1932Z_122_Combined-EVENTS_CAST_MB_M_(600 m)_BACT_NUC-RNA(10L-or-10min)_W0.22-3_TARA_B100000678
tara_S0228	TARA_B100000678	7/27/11	TARA_122	meso	B	600	-8.9729	-139.2393	south pacific	ERS492680	ERR599033	Illumina HiSeq 2000	2	6/19/17	TARA_20110727T1932Z_122_Combined-EVENTS_CAST_MB_M_(600 m)_BACT_NUC-RNA(10L-or-10min)_W0.22-3_TARA_B100000678
tara_S0229	TARA_B100000678	7/27/11	TARA_122	meso	C	600	-8.9729	-139.2393	south pacific	ERS492680	ERR599083	Illumina HiSeq 2000	2	6/19/17	TARA_20110727T1932Z_122_Combined-EVENTS_CAST_MB_M_(600 m)_BACT_NUC-RNA(10L-or-10min)_W0.22-3_TARA_B100000678
tara_S0230	TARA_B100000678	7/27/11	TARA_122	meso	D	600	-8.9729	-139.2393	south pacific	ERS492680	ERR599096	Illumina HiSeq 2000	2	6/19/17	TARA_20110727T1932Z_122_Combined-EVENTS_CAST_MB_M_(600 m)_BACT_NUC-RNA(10L-or-10min)_W0.22-3_TARA_B100000678
tara_S0231	TARA_B100001245	10/5/11	TARA_132	meso	A	550.5	31.528	-159.0224	north pacific	ERS493372	ERR598980	Illumina HiSeq 2000	2	6/19/17	TARA_20111005T2047Z_132_Combined-EVENTS_CAST_MB_M_(550 m)_BACT_NUC-DNA(100L)_W0.22-3_TARA_B100001245
tara_S0232	TARA_B100001105	10/19/11	TARA_133	meso	A	650.5	35.2698	-127.7268	north pacific	ERS493460	ERR599115	Illumina HiSeq 2000	2	6/19/17	TARA_20111019T1928Z_133_Combined-EVENTS_CAST_MB_M_(650 m)_BACT_NUC-DNA(100L)_W0.22-3_TARA_B100001105
tara_S0233	TARA_B100001971	12/3/11	TARA_137	meso	A	374.5	14.2025	-116.6433	north pacific	ERS493705	ERR599015	Illumina HiSeq 2000	2	6/19/17	TARA_20111203T1433Z_137_Combined-EVENTS_CAST_MB_M_(375 m)_BACT_NUC-RNA(10L-or-10min)_W0.22-3_TARA_B100001971
tara_S0234	TARA_B100001971	12/3/11	TARA_137	meso	B	374.5	14.2025	-116.6433	north pacific	ERS493705	ERR599076	Illumina HiSeq 2000	2	6/19/17	TARA_20111203T1433Z_137_Combined-EVENTS_CAST_MB_M_(375 m)_BACT_NUC-RNA(10L-or-10min)_W0.22-3_TARA_B100001971
tara_S0235	TARA_B100001971	12/3/11	TARA_137	meso	C	374.5	14.2025	-116.6433	north pacific	ERS493705	ERR599127	Illumina HiSeq 2000	2	6/19/17	TARA_20111203T1433Z_137_Combined-EVENTS_CAST_MB_M_(375 m)_BACT_NUC-RNA(10L-or-10min)_W0.22-3_TARA_B100001971
tara_S0236	TARA_B100001971	12/3/11	TARA_137	meso	D	374.5	14.2025	-116.6433	north pacific	ERS493705	ERR599152	Illumina HiSeq 2000	2	6/19/17	TARA_20111203T1433Z_137_Combined-EVENTS_CAST_MB_M_(375 m)_BACT_NUC-RNA(10L-or-10min)_W0.22-3_TARA_B100001971
tara_S0237	TARA_B100002003	12/11/11	TARA_138	meso	A	449	6.3559	-103.0598	north pacific	ERS493822	ERR599004	Illumina HiSeq 2000	2	6/19/17	TARA_20111211T2040Z_138_Combined-EVENTS_CAST_MB_M_(450 m)_BACT_NUC-RNA(10L-or-10min)_W0.22-3_TARA_B100002003
tara_S0238	TARA_B100002003	12/11/11	TARA_138	meso	B	449	6.3559	-103.0598	north pacific	ERS493822	ERR599051	Illumina HiSeq 2000	2	6/19/17	TARA_20111211T2040Z_138_Combined-EVENTS_CAST_MB_M_(450 m)_BACT_NUC-RNA(10L-or-10min)_W0.22-3_TARA_B100002003
tara_S0239	TARA_B100002003	12/11/11	TARA_138	meso	C	449	6.3559	-103.0598	north pacific	ERS493822	ERR599060	Illumina HiSeq 2000	2	6/19/17	TARA_20111211T2040Z_138_Combined-EVENTS_CAST_MB_M_(450 m)_BACT_NUC-RNA(10L-or-10min)_W0.22-3_TARA_B100002003
tara_S0240	TARA_B100002003	12/11/11	TARA_138	meso	D	449	6.3559	-103.0598	north pacific	ERS493822	ERR599175	Illumina HiSeq 2000	2	6/19/17	TARA_20111211T2040Z_138_Combined-EVENTS_CAST_MB_M_(450 m)_BACT_NUC-RNA(10L-or-10min)_W0.22-3_TARA_B100002003
tara_S0241	TARA_B100002049	1/10/12	TARA_142	meso	A	640.5	25.6236	-88.45	north atlantic	ERS494006	ERR598985	Illumina HiSeq 2000	2	6/19/17	TARA_20120110T1451Z_142_Combined-EVENTS_CAST_MB_M_(640 m)_BACT_NUC-DNA(100L)_W0.22-3_TARA_B100002049
tara_S0242	TARA_B100001146	2/2/12	TARA_145	meso	A	591	39.2392	-70.0343	north atlantic	ERS494208	ERR599166	Illumina HiSeq 2000	2	6/19/17	TARA_20120202T1839Z_145_Combined-EVENTS_CAST_MB_M_(590 m)_BACT_NUC-DNA(100L)_W0.22-3_TARA_B100001146
tara_S0243	TARA_B100001167	2/16/12	TARA_146	meso	A	639	34.6663	-71.2907	north atlantic	ERS494274	ERR599047	Illumina HiSeq 2000	2	6/19/17	TARA_20120216T1208Z_146_Combined-EVENTS_CAST_MB_M_(640 m)_BACT_NUC-DNA(100L)_W0.22-3_TARA_B100001167
tara_S0244	TARA_B100001765	3/1/12	TARA_149	meso	A	741	34.0771	-49.8233	north atlantic	ERS494431	ERR598964	Illumina HiSeq 2000	2	6/19/17	TARA_20120301T1853Z_149_Combined-EVENTS_CAST_MB_M_(740 m)_BACT_NUC-RNA(10L-or-10min)_W0.22-3_TARA_B100001765
tara_S0245	TARA_B100001179	3/19/12	TARA_152	meso	A	799	43.7182	-16.8714	north atlantic	ERS494616	ERR598944	Illumina HiSeq 2000	2	6/19/17	TARA_20120319T1502Z_152_Combined-EVENTS_CAST_MB_M_(800 m)_BACT_NUC-DNA(100L)_W0.22-3_TARA_B100001179