sampleID	sample_category	section	cruise_id	station_num_BODC	bottle_num_BODC	date	time	lat	lon	depth	ocean_category	replicate	depth_category
S0001	geotraces	GA02	PE319	1608554	631397	2010-05-10	12:13:00	49.7225	-42.4467	10	north atlantic	A	epipelagic
S0002	geotraces	GA02	PE319	1608554	631391	2010-05-10	12:13:00	49.7225	-42.4467	50	north atlantic	A	epipelagic
S0003	geotraces	GA02	PE319	1608554	631388	2010-05-10	12:13:00	49.7225	-42.4467	75	north atlantic	A	epipelagic
S0004	geotraces	GA02	PE319	1608554	631385	2010-05-10	12:13:00	49.7225	-42.4467	101	north atlantic	A	epipelagic
S0005	geotraces	GA02	PE319	1608554	631382	2010-05-10	12:13:00	49.7225	-42.4467	152	north atlantic	A	epipelagic
S0006	geotraces	GA02	PE319	1608554	631379	2010-05-10	12:13:00	49.7225	-42.4467	199	north atlantic	A	epipelagic
S0008	geotraces	GA02	PE319	1608603	631829	2010-05-12	20:39:00	46.312	-39.658	10	north atlantic	A	epipelagic
S0009	geotraces	GA02	PE319	1608603	631823	2010-05-12	20:39:00	46.312	-39.658	49	north atlantic	A	epipelagic
S0010	geotraces	GA02	PE319	1608603	631820	2010-05-12	20:39:00	46.312	-39.658	73	north atlantic	A	epipelagic
S0011	geotraces	GA02	PE319	1608603	631817	2010-05-12	20:39:00	46.312	-39.658	100	north atlantic	A	epipelagic
S0012	geotraces	GA02	PE319	1608603	631814	2010-05-12	20:39:00	46.312	-39.658	153	north atlantic	A	epipelagic
S0013	geotraces	GA02	PE319	1608603	631811	2010-05-12	20:39:00	46.312	-39.658	198	north atlantic	A	epipelagic
S0015	geotraces	GA02	PE319	1608687	632891	2010-05-20	13:30:00	36.2067	-53.2681	8	north atlantic	A	epipelagic
S0016	geotraces	GA02	PE319	1608687	632885	2010-05-20	13:30:00	36.2067	-53.2681	50	north atlantic	A	epipelagic
S0017	geotraces	GA02	PE319	1608687	632882	2010-05-20	13:30:00	36.2067	-53.2681	74	north atlantic	A	epipelagic
S0018	geotraces	GA02	PE319	1608687	632879	2010-05-20	13:30:00	36.2067	-53.2681	102	north atlantic	A	epipelagic
S0019	geotraces	GA02	PE319	1608687	632876	2010-05-20	13:30:00	36.2067	-53.2681	151	north atlantic	A	epipelagic
S0020	geotraces	GA02	PE319	1608687	632873	2010-05-20	13:30:00	36.2067	-53.2681	199	north atlantic	A	epipelagic
S0021	geotraces	GA02	PE319	1608673	632459	2010-05-18	13:22:00	37.5673	-50.6855	10	north atlantic	A	epipelagic
S0022	geotraces	GA02	PE319	1608673	632453	2010-05-18	13:22:00	37.5673	-50.6855	52	north atlantic	A	epipelagic
S0023	geotraces	GA02	PE319	1608673	632450	2010-05-18	13:22:00	37.5673	-50.6855	75	north atlantic	A	epipelagic
S0024	geotraces	GA02	PE319	1608673	632447	2010-05-18	13:22:00	37.5673	-50.6855	103	north atlantic	A	epipelagic
S0025	geotraces	GA02	PE319	1608673	632444	2010-05-18	13:22:00	37.5673	-50.6855	151	north atlantic	A	epipelagic
S0026	geotraces	GA02	PE319	1608673	632441	2010-05-18	13:22:00	37.5673	-50.6855	201	north atlantic	A	epipelagic
S0027	geotraces	GA02	PE319	1608701	632129	2010-05-21	13:30:00	34.3277	-55.4316	10	north atlantic	A	epipelagic
S0028	geotraces	GA02	PE319	1608701	632123	2010-05-21	13:30:00	34.3277	-55.4316	50	north atlantic	A	epipelagic
S0029	geotraces	GA02	PE319	1608701	632120	2010-05-21	13:30:00	34.3277	-55.4316	77	north atlantic	A	epipelagic
S0030	geotraces	GA02	PE319	1608701	632117	2010-05-21	13:30:00	34.3277	-55.4316	103	north atlantic	A	epipelagic
S0031	geotraces	GA02	PE319	1608701	632114	2010-05-21	13:30:00	34.3277	-55.4316	152	north atlantic	A	epipelagic
S0032	geotraces	GA02	PE319	1608701	632111	2010-05-21	13:30:00	34.3277	-55.4316	199	north atlantic	A	epipelagic
S0033	geotraces	GA02	PE321	1609079	636587	2010-06-26	12:25:00	13.1623	-53.4215	9	north atlantic	A	epipelagic
S0034	geotraces	GA02	PE321	1609079	636578	2010-06-26	12:25:00	13.1623	-53.4215	75	north atlantic	A	epipelagic
S0035	geotraces	GA02	PE321	1609079	636575	2010-06-26	12:25:00	13.1623	-53.4215	99	north atlantic	A	epipelagic
S0036	geotraces	GA02	PE321	1609079	636572	2010-06-26	12:25:00	13.1623	-53.4215	150	north atlantic	A	epipelagic
S0037	geotraces	GA02	PE321	1609079	636569	2010-06-26	12:25:00	13.1623	-53.4215	200	north atlantic	A	epipelagic
S0039	geotraces	GA02	PE321	1609114	634616	2010-06-28	14:16:00	9.5462	-50.4686	9	north atlantic	A	epipelagic
S0040	geotraces	GA02	PE321	1609114	634607	2010-06-28	14:16:00	9.5462	-50.4686	72	north atlantic	A	epipelagic
S0041	geotraces	GA02	PE321	1609114	634604	2010-06-28	14:16:00	9.5462	-50.4686	100	north atlantic	A	epipelagic
S0042	geotraces	GA02	PE321	1609114	634601	2010-06-28	14:16:00	9.5462	-50.4686	151	north atlantic	A	epipelagic
S0043	geotraces	GA02	PE321	1609114	634598	2010-06-28	14:16:00	9.5462	-50.4686	201	north atlantic	A	epipelagic
S0044	geotraces	GA02	PE321	1609051	636299	2010-06-24	15:06:00	16.8312	-56.2685	8	north atlantic	A	epipelagic
S0045	geotraces	GA02	PE321	1609051	636290	2010-06-24	15:06:00	16.8312	-56.2685	76	north atlantic	A	epipelagic
S0046	geotraces	GA02	PE321	1609051	636287	2010-06-24	15:06:00	16.8312	-56.2685	101	north atlantic	A	epipelagic
S0047	geotraces	GA02	PE321	1609051	636284	2010-06-24	15:06:00	16.8312	-56.2685	150	north atlantic	A	epipelagic
S0048	geotraces	GA02	PE321	1609051	636281	2010-06-24	15:06:00	16.8312	-56.2685	201	north atlantic	A	epipelagic
S0049	geotraces	GA03	KN204-1	1646368	844604	2011-11-16	13:59:00	35.41617	-66.54077	31.3	north atlantic	A	epipelagic
S0050	geotraces	GA03	KN204-1	1646368	844607	2011-11-16	13:59:00	35.41617	-66.54077	68	north atlantic	A	epipelagic
S0051	geotraces	GA03	KN204-1	1646368	844610	2011-11-16	13:59:00	35.41617	-66.54077	111.1	north atlantic	A	epipelagic
S0052	geotraces	GA03	KN204-1	1646368	844613	2011-11-16	13:59:00	35.41617	-66.54077	135.8	north atlantic	A	epipelagic
S0053	geotraces	GA03	KN204-1	1646368	844616	2011-11-16	13:59:00	35.41617	-66.54077	186.3	north atlantic	A	epipelagic
S0054	geotraces	GA03	KN204-1	1646368	844619	2011-11-16	13:59:00	35.41617	-66.54077	237.3	north atlantic	A	epipelagic
S0055	geotraces	GA03	KN204-1	1646368	844622	2011-11-16	13:59:00	35.41617	-66.54077	291.5	north atlantic	A	epipelagic
S0057	geotraces	GA03	KN204-1	1701465	846086	2011-12-01	17:25:00	24.1497	-40.21786	38.9	north atlantic	A	epipelagic
S0058	geotraces	GA03	KN204-1	1701465	846089	2011-12-01	17:25:00	24.1497	-40.21786	65.2	north atlantic	A	epipelagic
S0059	geotraces	GA03	KN204-1	1701465	846092	2011-12-01	17:25:00	24.1497	-40.21786	75.1	north atlantic	A	epipelagic
S0060	geotraces	GA03	KN204-1	1701465	846095	2011-12-01	17:25:00	24.1497	-40.21786	113.9	north atlantic	A	epipelagic
S0061	geotraces	GA03	KN204-1	1701465	846101	2011-12-01	17:25:00	24.1497	-40.21786	184	north atlantic	A	epipelagic
S0062	geotraces	GA03	KN204-1	1701465	846104	2011-12-01	17:25:00	24.1497	-40.21786	233	north atlantic	A	epipelagic
S0063	geotraces	GA03	KN204-1	1701465	846107	2011-12-01	17:25:00	24.1497	-40.21786	283.9	north atlantic	A	epipelagic
S0064	geotraces	GA03	KN204-1	1701374	845300	2011-11-10	14:23:00	38.65497	-69.13131	28.4	north atlantic	A	epipelagic
S0065	geotraces	GA03	KN204-1	1701374	845303	2011-11-10	14:23:00	38.65497	-69.13131	61.2	north atlantic	A	epipelagic
S0066	geotraces	GA03	KN204-1	1701374	845306	2011-11-10	14:23:00	38.65497	-69.13131	86.4	north atlantic	A	epipelagic
S0067	geotraces	GA03	KN204-1	1701374	845309	2011-11-10	14:23:00	38.65497	-69.13131	108.8	north atlantic	A	epipelagic
S0068	geotraces	GA03	KN204-1	1701374	845312	2011-11-10	14:23:00	38.65497	-69.13131	135.6	north atlantic	A	epipelagic
S0069	geotraces	GA03	KN204-1	1701374	845315	2011-11-10	14:23:00	38.65497	-69.13131	186.5	north atlantic	A	epipelagic
S0070	geotraces	GA03	KN204-1	1701374	845318	2011-11-10	14:23:00	38.65497	-69.13131	234.7	north atlantic	A	epipelagic
S0071	geotraces	GA03	KN204-1	1701374	845321	2011-11-10	14:23:00	38.65497	-69.13131	288.8	north atlantic	A	epipelagic
S0072	geotraces	GA03	KN204-1	1646816	846236	2011-12-03	23:12:00	22.33305	-35.86703	39.9	north atlantic	A	epipelagic
S0073	geotraces	GA03	KN204-1	1646816	846239	2011-12-03	23:12:00	22.33305	-35.86703	74.3	north atlantic	A	epipelagic
S0074	geotraces	GA03	KN204-1	1646816	846242	2011-12-03	23:12:00	22.33305	-35.86703	99.7	north atlantic	A	epipelagic
S0075	geotraces	GA03	KN204-1	1646816	846245	2011-12-03	23:12:00	22.33305	-35.86703	134.2	north atlantic	A	epipelagic
S0076	geotraces	GA03	KN204-1	1646816	846248	2011-12-03	23:12:00	22.33305	-35.86703	183.8	north atlantic	A	epipelagic
S0077	geotraces	GA03	KN204-1	1646816	846251	2011-12-03	23:12:00	22.33305	-35.86703	234.1	north atlantic	A	epipelagic
S0078	geotraces	GA03	KN204-1	1646816	846254	2011-12-03	23:12:00	22.33305	-35.86703	300.8	north atlantic	A	epipelagic
S0079	geotraces	GA03	KN204-1	1646816	846257	2011-12-03	23:12:00	22.33305	-35.86703	374.3	north atlantic	A	mesopelagic
S0080	geotraces	GA03	KN204-1	1646816	846260	2011-12-03	23:12:00	22.33305	-35.86703	499.6	north atlantic	A	mesopelagic
S0081	geotraces	GA03	KN204-1	1646816	846269	2011-12-03	23:12:00	22.33305	-35.86703	1055.2	north atlantic	A	mesopelagic
S0082	geotraces	GA03	KN204-1	1646459	844712	2011-11-19	19:31:00	31.75351	-64.17499	41.8	north atlantic	A	epipelagic
S0083	geotraces	GA03	KN204-1	1646459	844715	2011-11-19	19:31:00	31.75351	-64.17499	75.7	north atlantic	A	epipelagic
S0084	geotraces	GA03	KN204-1	1646459	844718	2011-11-19	19:31:00	31.75351	-64.17499	89.1	north atlantic	A	epipelagic
S0085	geotraces	GA03	KN204-1	1646459	844721	2011-11-19	19:31:00	31.75351	-64.17499	109.7	north atlantic	A	epipelagic
S0086	geotraces	GA03	KN204-1	1646459	844724	2011-11-19	19:31:00	31.75351	-64.17499	182.4	north atlantic	A	epipelagic
S0087	geotraces	GA03	KN204-1	1646459	844727	2011-11-19	19:31:00	31.75351	-64.17499	233.3	north atlantic	A	epipelagic
S0088	geotraces	GA03	KN204-1	1646459	844730	2011-11-19	19:31:00	31.75351	-64.17499	281.4	north atlantic	A	epipelagic
S0089	geotraces	GA03	KN204-1	1646459	844733	2011-11-19	19:31:00	31.75351	-64.17499	414.2	north atlantic	A	mesopelagic
S0090	geotraces	GA03	KN204-1	1646690	845942	2011-11-30	3:40:00	26.13688	-44.82622	39.7	north atlantic	A	epipelagic
S0091	geotraces	GA03	KN204-1	1646690	845945	2011-11-30	3:40:00	26.13688	-44.82622	60.7	north atlantic	A	epipelagic
S0092	geotraces	GA03	KN204-1	1646690	845948	2011-11-30	3:40:00	26.13688	-44.82622	89.9	north atlantic	A	epipelagic
S0093	geotraces	GA03	KN204-1	1646690	845951	2011-11-30	3:40:00	26.13688	-44.82622	110.7	north atlantic	A	epipelagic
S0094	geotraces	GA03	KN204-1	1646690	845954	2011-11-30	3:40:00	26.13688	-44.82622	135.6	north atlantic	A	epipelagic
S0095	geotraces	GA03	KN204-1	1646690	845957	2011-11-30	3:40:00	26.13688	-44.82622	185.7	north atlantic	A	epipelagic
S0096	geotraces	GA03	KN204-1	1646690	845960	2011-11-30	3:40:00	26.13688	-44.82622	234.8	north atlantic	A	epipelagic
S0097	geotraces	GA03	KN204-1	1646690	845963	2011-11-30	3:40:00	26.13688	-44.82622	284.8	north atlantic	A	epipelagic
S0098	geotraces	GA03	KN204-1	1646914	846713	2011-12-10	8:27:00	17.3999	-24.49991	48.1	north atlantic	A	epipelagic
S0099	geotraces	GA03	KN204-1	1646914	846716	2011-12-10	8:27:00	17.3999	-24.49991	71.6	north atlantic	A	epipelagic
S0100	geotraces	GA03	KN204-1	1646914	846719	2011-12-10	8:27:00	17.3999	-24.49991	89.3	north atlantic	A	epipelagic
S0101	geotraces	GA03	KN204-1	1646914	846722	2011-12-10	8:27:00	17.3999	-24.49991	135	north atlantic	A	epipelagic
S0102	geotraces	GA03	KN204-1	1646914	846725	2011-12-10	8:27:00	17.3999	-24.49991	183.7	north atlantic	A	epipelagic
S0103	geotraces	GA03	KN204-1	1646914	846728	2011-12-10	8:27:00	17.3999	-24.49991	234.5	north atlantic	A	epipelagic
S0104	geotraces	GA03	KN204-1	1646914	846731	2011-12-10	8:27:00	17.3999	-24.49991	285.9	north atlantic	A	epipelagic
S0105	geotraces	GA03	KN204-1	1646606	845645	2011-11-26	15:01:00	27.58305	-49.63297	40.1	north atlantic	A	epipelagic
S0106	geotraces	GA03	KN204-1	1646606	845648	2011-11-26	15:01:00	27.58305	-49.63297	69.4	north atlantic	A	epipelagic
S0107	geotraces	GA03	KN204-1	1646606	845651	2011-11-26	15:01:00	27.58305	-49.63297	99	north atlantic	A	epipelagic
S0108	geotraces	GA03	KN204-1	1646606	845654	2011-11-26	15:01:00	27.58305	-49.63297	113.8	north atlantic	A	epipelagic
S0109	geotraces	GA03	KN204-1	1646606	845657	2011-11-26	15:01:00	27.58305	-49.63297	133.7	north atlantic	A	epipelagic
S0110	geotraces	GA03	KN204-1	1646606	845660	2011-11-26	15:01:00	27.58305	-49.63297	183.8	north atlantic	A	epipelagic
S0111	geotraces	GA03	KN204-1	1646606	845663	2011-11-26	15:01:00	27.58305	-49.63297	233.6	north atlantic	A	epipelagic
S0112	geotraces	GA03	KN204-1	1646606	845666	2011-11-26	15:01:00	27.58305	-49.63297	285	north atlantic	A	epipelagic
S0114	geotraces	GA03	KN204-1	1646123	845123	2011-11-08	10:56:00	39.69225	-69.86286	30.2	north atlantic	A	epipelagic
S0115	geotraces	GA03	KN204-1	1646123	845126	2011-11-08	10:56:00	39.69225	-69.86286	57.8	north atlantic	A	epipelagic
S0116	geotraces	GA03	KN204-1	1646123	845834	2011-11-08	10:56:00	39.69225	-69.86286	89.2	north atlantic	A	epipelagic
S0117	geotraces	GA03	KN204-1	1646123	845129	2011-11-08	10:56:00	39.69225	-69.86286	109.9	north atlantic	A	epipelagic
S0118	geotraces	GA03	KN204-1	1646123	845132	2011-11-08	10:56:00	39.69225	-69.86286	135.4	north atlantic	A	epipelagic
S0119	geotraces	GA03	KN204-1	1646123	845135	2011-11-08	10:56:00	39.69225	-69.86286	185.8	north atlantic	A	epipelagic
S0120	geotraces	GA03	KN204-1	1646123	845141	2011-11-08	10:56:00	39.69225	-69.86286	285.9	north atlantic	A	epipelagic
S0122	geotraces	GA03	KN204-1	1701381	844343	2011-11-12	14:57:00	38.32433	-68.87553	39.4	north atlantic	A	epipelagic
S0123	geotraces	GA03	KN204-1	1701381	844346	2011-11-12	14:57:00	38.32433	-68.87553	65.6	north atlantic	A	epipelagic
S0124	geotraces	GA03	KN204-1	1701381	844349	2011-11-12	14:57:00	38.32433	-68.87553	90.8	north atlantic	A	epipelagic
S0125	geotraces	GA03	KN204-1	1701381	844352	2011-11-12	14:57:00	38.32433	-68.87553	111.1	north atlantic	A	epipelagic
S0126	geotraces	GA03	KN204-1	1701381	844355	2011-11-12	14:57:00	38.32433	-68.87553	135.2	north atlantic	A	epipelagic
S0127	geotraces	GA03	KN204-1	1701381	844358	2011-11-12	14:57:00	38.32433	-68.87553	184.1	north atlantic	A	epipelagic
S0128	geotraces	GA03	KN204-1	1701381	844361	2011-11-12	14:57:00	38.32433	-68.87553	236.7	north atlantic	A	epipelagic
S0129	geotraces	GA03	KN204-1	1701381	844364	2011-11-12	14:57:00	38.32433	-68.87553	285.3	north atlantic	A	epipelagic
S0130	geotraces	GA03	KN204-1	1701395	844529	2011-11-15	6:20:00	37.60731	-68.3895	39.6	north atlantic	A	epipelagic
S0131	geotraces	GA03	KN204-1	1701395	844532	2011-11-15	6:20:00	37.60731	-68.3895	64.6	north atlantic	A	epipelagic
S0132	geotraces	GA03	KN204-1	1701395	844535	2011-11-15	6:20:00	37.60731	-68.3895	89.6	north atlantic	A	epipelagic
S0133	geotraces	GA03	KN204-1	1701395	844538	2011-11-15	6:20:00	37.60731	-68.3895	111.1	north atlantic	A	epipelagic
S0134	geotraces	GA03	KN204-1	1701395	844541	2011-11-15	6:20:00	37.60731	-68.3895	139.6	north atlantic	A	epipelagic
S0135	geotraces	GA03	KN204-1	1701395	844544	2011-11-15	6:20:00	37.60731	-68.3895	160	north atlantic	A	epipelagic
S0136	geotraces	GA03	KN204-1	1701395	844547	2011-11-15	6:20:00	37.60731	-68.3895	232.9	north atlantic	A	epipelagic
S0137	geotraces	GA03	KN204-1	1701395	844550	2011-11-15	6:20:00	37.60731	-68.3895	284.7	north atlantic	A	epipelagic
S0138	geotraces	GA03	KN204-1	1701493	846488	2011-12-07	11:25:00	19.43336	-29.38323	50	north atlantic	A	epipelagic
S0139	geotraces	GA03	KN204-1	1701493	846491	2011-12-07	11:25:00	19.43336	-29.38323	74.5	north atlantic	A	epipelagic
S0140	geotraces	GA03	KN204-1	1701493	846494	2011-12-07	11:25:00	19.43336	-29.38323	84	north atlantic	A	epipelagic
S0141	geotraces	GA03	KN204-1	1701493	846497	2011-12-07	11:25:00	19.43336	-29.38323	123.8	north atlantic	A	epipelagic
S0142	geotraces	GA03	KN204-1	1701493	846500	2011-12-07	11:25:00	19.43336	-29.38323	183.9	north atlantic	A	epipelagic
S0143	geotraces	GA03	KN204-1	1701493	846503	2011-12-07	11:25:00	19.43336	-29.38323	233.1	north atlantic	A	epipelagic
S0144	geotraces	GA03	KN204-1	1701493	846506	2011-12-07	11:25:00	19.43336	-29.38323	283.3	north atlantic	A	epipelagic
S0145	geotraces	GA03	KN204-1	1701493	846509	2011-12-07	11:25:00	19.43336	-29.38323	389.4	north atlantic	A	mesopelagic
S0147	geotraces	GA02	PE321	1608932	633245	2010-06-17	19:56:00	24.7143	-67.0726	11	north atlantic	A	epipelagic
S0148	geotraces	GA02	PE321	1608932	633236	2010-06-17	19:56:00	24.7143	-67.0726	77	north atlantic	A	epipelagic
S0149	geotraces	GA02	PE321	1608932	633233	2010-06-17	19:56:00	24.7143	-67.0726	119	north atlantic	A	epipelagic
S0150	geotraces	GA02	PE321	1608932	633230	2010-06-17	19:56:00	24.7143	-67.0726	152	north atlantic	A	epipelagic
S0151	geotraces	GA02	PE321	1608932	633227	2010-06-17	19:56:00	24.7143	-67.0726	202	north atlantic	A	epipelagic
S0152	geotraces	GA02	PE321	1608967	633533	2010-06-19	21:44:00	22.3411	-63.5833	12	north atlantic	A	epipelagic
S0153	geotraces	GA02	PE321	1608967	633524	2010-06-19	21:44:00	22.3411	-63.5833	75	north atlantic	A	epipelagic
S0154	geotraces	GA02	PE321	1608967	633521	2010-06-19	21:44:00	22.3411	-63.5833	100	north atlantic	A	epipelagic
S0155	geotraces	GA02	PE321	1608967	633518	2010-06-19	21:44:00	22.3411	-63.5833	127	north atlantic	A	epipelagic
S0156	geotraces	GA02	PE321	1608967	633515	2010-06-19	21:44:00	22.3411	-63.5833	200	north atlantic	A	epipelagic
S0157	geotraces	GA02	PE319	1608582	631541	2010-05-11	13:26:00	47.8007	-39.399	9	north atlantic	A	epipelagic
S0158	geotraces	GA02	PE319	1608582	631535	2010-05-11	13:26:00	47.8007	-39.399	50	north atlantic	A	epipelagic
S0159	geotraces	GA02	PE319	1608582	631532	2010-05-11	13:26:00	47.8007	-39.399	75	north atlantic	A	epipelagic
S0160	geotraces	GA02	PE319	1608582	631529	2010-05-11	13:26:00	47.8007	-39.399	101	north atlantic	A	epipelagic
S0161	geotraces	GA02	PE319	1608582	631526	2010-05-11	13:26:00	47.8007	-39.399	152	north atlantic	A	epipelagic
S0162	geotraces	GA02	PE319	1608582	631523	2010-05-11	13:26:00	47.8007	-39.399	201	north atlantic	A	epipelagic
S0163	geotraces	GA02	PE321	1608862	633860	2010-06-13	0:53:00	31.6667	-64.167	10	north atlantic	A	epipelagic
S0164	geotraces	GA02	PE321	1608862	633851	2010-06-13	0:53:00	31.6667	-64.167	75	north atlantic	A	epipelagic
S0165	geotraces	GA02	PE321	1608862	633848	2010-06-13	0:53:00	31.6667	-64.167	100	north atlantic	A	epipelagic
S0166	geotraces	GA02	PE321	1608862	633845	2010-06-13	0:53:00	31.6667	-64.167	150	north atlantic	A	epipelagic
S0167	geotraces	GA02	PE321	1608862	633842	2010-06-13	0:53:00	31.6667	-64.167	202	north atlantic	A	epipelagic
S0168	geotraces	GA02	PE321	1608904	634370	2010-06-16	0:22:00	28.0905	-67.5015	8	north atlantic	A	epipelagic
S0169	geotraces	GA02	PE321	1608904	634361	2010-06-16	0:22:00	28.0905	-67.5015	76	north atlantic	A	epipelagic
S0170	geotraces	GA02	PE321	1608904	634358	2010-06-16	0:22:00	28.0905	-67.5015	87	north atlantic	A	epipelagic
S0171	geotraces	GA02	PE321	1608904	634355	2010-06-16	0:22:00	28.0905	-67.5015	150	north atlantic	A	epipelagic
S0172	geotraces	GA02	PE321	1608904	634352	2010-06-16	0:22:00	28.0905	-67.5015	200	north atlantic	A	epipelagic
S0173	timeseries	HOT	152			2003-10-03		22.75	-158	1000	north pacific	A	mesopelagic
S0174	timeseries	HOT	152			2003-10-03		22.75	-158	600	north pacific	A	mesopelagic
S0175	timeseries	HOT	152			2003-10-03		22.75	-158	5	north pacific	A	epipelagic
S0177	geotraces	GA02	JC057	1629687	637412	2011-03-13	13:43:00	-35.0093	-39.431	49	south atlantic	A	epipelagic
S0178	geotraces	GA02	JC057	1629687	637403	2011-03-13	13:43:00	-35.0093	-39.431	151	south atlantic	A	epipelagic
S0179	geotraces	GA02	JC057	1629701	639548	2011-03-14	18:45:00	-32.092	-37.4563	10	south atlantic	A	epipelagic
S0180	geotraces	GA02	JC057	1629701	639533	2011-03-14	18:45:00	-32.092	-37.4563	149	south atlantic	A	epipelagic
S0181	geotraces	GA02	JC057	1629722	639692	2011-03-15	23:40:00	-29.0538	-35.8078	11	south atlantic	A	epipelagic
S0182	geotraces	GA02	JC057	1629722	639686	2011-03-15	23:40:00	-29.0538	-35.8078	50	south atlantic	A	epipelagic
S0183	geotraces	GA02	JC057	1629722	639677	2011-03-15	23:40:00	-29.0538	-35.8078	150	south atlantic	A	epipelagic
S0184	geotraces	GA02	JC057	1629743	639764	2011-03-17	0:34:00	-26.0867	-34.2585	10	south atlantic	A	epipelagic
S0185	geotraces	GA02	JC057	1629743	639758	2011-03-17	0:34:00	-26.0867	-34.2585	50	south atlantic	A	epipelagic
S0186	geotraces	GA02	JC057	1629743	639749	2011-03-17	0:34:00	-26.0867	-34.2585	151	south atlantic	A	epipelagic
S0187	geotraces	GA02	JC057	1629771	638351	2011-03-18	14:16:00	-22.4732	-32.7487	9	south atlantic	A	epipelagic
S0188	geotraces	GA02	JC057	1629771	638345	2011-03-18	14:16:00	-22.4732	-32.7487	49	south atlantic	A	epipelagic
S0189	geotraces	GA02	JC057	1629771	638336	2011-03-18	14:16:00	-22.4732	-32.7487	150	south atlantic	A	epipelagic
S0190	geotraces	GA02	JC057	1629785	638561	2011-03-20	14:54:00	-17.0173	-30.6052	49	south atlantic	A	epipelagic
S0191	geotraces	GA02	JC057	1629799	638711	2011-03-22	1:00:00	-12.8957	-29.2335	10	south atlantic	A	epipelagic
S0192	geotraces	GA02	JC057	1629799	638705	2011-03-22	1:00:00	-12.8957	-29.2335	49	south atlantic	A	epipelagic
S0193	geotraces	GA02	JC057	1629799	638696	2011-03-22	1:00:00	-12.8957	-29.2335	149	south atlantic	A	epipelagic
S0195	geotraces	GA02	JC057	1629785	638552	2011-03-20	14:54:00	-17.0173	-30.6052	143	south atlantic	A	epipelagic
S0196	geotraces	GA02	JC057	1629820	638855	2011-03-23	11:11:00	-9.1608	-28.0012	10	south atlantic	A	epipelagic
S0197	geotraces	GA02	JC057	1629820	638849	2011-03-23	11:11:00	-9.1608	-28.0012	50	south atlantic	A	epipelagic
S0198	geotraces	GA02	JC057	1629820	638840	2011-03-23	11:11:00	-9.1608	-28.0012	135	south atlantic	A	epipelagic
S0199	geotraces	GA02	JC057	1629841	638927	2011-03-24	12:54:00	-5.6667	-28.4572	10	south atlantic	A	epipelagic
S0200	geotraces	GA02	JC057	1629841	638921	2011-03-24	12:54:00	-5.6667	-28.4572	50	south atlantic	A	epipelagic
S0201	geotraces	GA02	JC057	1629841	638912	2011-03-24	12:54:00	-5.6667	-28.4572	149	south atlantic	A	epipelagic
S0202	geotraces	GA02	JC057	1629869	639206	2011-03-25	21:08:00	-2.6505	-28.9172	10	south atlantic	A	epipelagic
S0203	geotraces	GA02	JC057	1629869	639200	2011-03-25	21:08:00	-2.6505	-28.9172	65	south atlantic	A	epipelagic
S0204	geotraces	GA02	JC057	1629869	639191	2011-03-25	21:08:00	-2.6505	-28.9172	149	south atlantic	A	epipelagic
S0205	geotraces	GA02	JC057	1629883	639422	2011-03-27	13:11:00	-0.1915	-32.8745	9	south atlantic	A	epipelagic
S0206	geotraces	GA02	JC057	1629883	639416	2011-03-27	13:11:00	-0.1915	-32.8745	61	south atlantic	A	epipelagic
S0207	geotraces	GA02	JC057	1629883	639407	2011-03-27	13:11:00	-0.1915	-32.8745	150	south atlantic	A	epipelagic
S0209	geotraces	GA02	JC057	1629547	637580	2011-03-05	20:56:00	-49.5475	-52.6885	10	south atlantic	A	epipelagic
S0210	geotraces	GA02	JC057	1629547	637574	2011-03-05	20:56:00	-49.5475	-52.6885	49	south atlantic	A	epipelagic
S0211	geotraces	GA02	JC057	1629582	637724	2011-03-06	19:40:00	-48.9358	-48.7933	11	south atlantic	A	epipelagic
S0212	geotraces	GA02	JC057	1629582	637718	2011-03-06	19:40:00	-48.9358	-48.7933	51	south atlantic	A	epipelagic
S0213	geotraces	GA02	JC057	1629582	637709	2011-03-06	19:40:00	-48.9358	-48.7933	150	south atlantic	A	epipelagic
S0214	geotraces	GA02	JC057	1629596	638012	2011-03-08	3:21:00	-46.907	-47.179	10	south atlantic	A	epipelagic
S0215	geotraces	GA02	JC057	1629596	638006	2011-03-08	3:21:00	-46.907	-47.179	51	south atlantic	A	epipelagic
S0216	geotraces	GA02	JC057	1629596	637997	2011-03-08	3:21:00	-46.907	-47.179	151	south atlantic	A	epipelagic
S0217	geotraces	GA02	JC057	1629610	638156	2011-03-09	3:22:00	-44.7117	-45.5265	10	south atlantic	A	epipelagic
S0218	geotraces	GA02	JC057	1629610	638150	2011-03-09	3:22:00	-44.7117	-45.5265	51	south atlantic	A	epipelagic
S0219	geotraces	GA02	JC057	1629610	638141	2011-03-09	3:22:00	-44.7117	-45.5265	149	south atlantic	A	epipelagic
S0220	geotraces	GA02	JC057	1629624	638300	2011-03-10	2:43:00	-42.364	-44.0318	10	south atlantic	A	epipelagic
S0221	geotraces	GA02	JC057	1629624	638294	2011-03-10	2:43:00	-42.364	-44.0318	50	south atlantic	A	epipelagic
S0222	geotraces	GA02	JC057	1629624	638285	2011-03-10	2:43:00	-42.364	-44.0318	150	south atlantic	A	epipelagic
S0223	geotraces	GA02	JC057	1629652	636995	2011-03-11	2:17:00	-39.9648	-42.4232	10	south atlantic	A	epipelagic
S0224	geotraces	GA02	JC057	1629652	636989	2011-03-11	2:17:00	-39.9648	-42.4232	50	south atlantic	A	epipelagic
S0225	geotraces	GA02	JC057	1629652	636980	2011-03-11	2:17:00	-39.9648	-42.4232	149	south atlantic	A	epipelagic
S0226	geotraces	GA02	JC057	1629673	637139	2011-03-12	1:56:00	-37.8305	-41.1248	9	south atlantic	A	epipelagic
S0227	geotraces	GA02	JC057	1629673	637133	2011-03-12	1:56:00	-37.8305	-41.1248	50	south atlantic	A	epipelagic
S0228	geotraces	GA02	JC057	1629673	637124	2011-03-12	1:56:00	-37.8305	-41.1248	148	south atlantic	A	epipelagic
S0229	geotraces	GA02	JC057	1629687	637418	2011-03-13	13:43:00	-35.0093	-39.431	11	south atlantic	A	epipelagic
S0231	geotraces	GA03	KN199-4	1700002	841889	2010-10-24	11:14:00	24.00011	-22.00011	33.2	north atlantic	A	epipelagic
S0232	geotraces	GA03	KN199-4	1700002	841892	2010-10-24	11:14:00	24.00011	-22.00011	57.7	north atlantic	A	epipelagic
S0233	geotraces	GA03	KN199-4	1700002	841895	2010-10-24	11:14:00	24.00011	-22.00011	72.9	north atlantic	A	epipelagic
S0234	geotraces	GA03	KN199-4	1700002	841898	2010-10-24	11:14:00	24.00011	-22.00011	151.8	north atlantic	A	epipelagic
S0235	geotraces	GA03	KN199-4	1700002	841901	2010-10-24	11:14:00	24.00011	-22.00011	201.1	north atlantic	A	epipelagic
S0236	geotraces	GA03	KN199-4	1700002	841904	2010-10-24	11:14:00	24.00011	-22.00011	349	north atlantic	A	mesopelagic
S0237	geotraces	GA03	KN199-4	1700002	853052	2010-10-24	9:46:00	24.00011	-22.00011	2	north atlantic	A	epipelagic
S0238	geotraces	GA03	KN199-4	1700135	842069	2010-10-30	3:06:00	17.35162	-20.81672	51.8	north atlantic	A	epipelagic
S0239	geotraces	GA03	KN199-4	1700135	842072	2010-10-30	3:06:00	17.35162	-20.81672	86.6	north atlantic	A	epipelagic
S0240	geotraces	GA03	KN199-4	1700135	842075	2010-10-30	3:06:00	17.35162	-20.81672	101	north atlantic	A	epipelagic
S0241	geotraces	GA03	KN199-4	1700135	842078	2010-10-30	3:06:00	17.35162	-20.81672	140.7	north atlantic	A	epipelagic
S0242	geotraces	GA03	KN199-4	1700135	842081	2010-10-30	3:06:00	17.35162	-20.81672	185	north atlantic	A	epipelagic
S0243	geotraces	GA03	KN199-4	1700135	853163	2010-10-30	0:58:00	17.35162	-20.81672	2	north atlantic	A	epipelagic
S0244	geotraces	GA03	KN199-4	1700233	842801	2010-11-02	9:05:00	17.4018	-24.49811	31.8	north atlantic	A	epipelagic
S0245	geotraces	GA03	KN199-4	1700233	842804	2010-11-02	9:05:00	17.4018	-24.49811	50.4	north atlantic	A	epipelagic
S0246	geotraces	GA03	KN199-4	1700233	842807	2010-11-02	9:05:00	17.4018	-24.49811	71.9	north atlantic	A	epipelagic
S0247	geotraces	GA03	KN199-4	1700233	842810	2010-11-02	9:05:00	17.4018	-24.49811	91.6	north atlantic	A	epipelagic
S0248	geotraces	GA03	KN199-4	1700233	842813	2010-11-02	9:05:00	17.4018	-24.49811	136.5	north atlantic	A	epipelagic
S0249	geotraces	GA03	KN199-4	1700233	842816	2010-11-02	9:05:00	17.4018	-24.49811	185.4	north atlantic	A	epipelagic
S0250	geotraces	GA03	KN199-4	1700233	853064	2010-11-02	7:57:00	17.4018	-24.49811	2	north atlantic	A	epipelagic
S0252	geotraces	GP13	TAN1109-2 - GP13 Leg2	1877228	1155512	2011-06-17	1:54:00	-32.46367	-159.01933	101	south pacific	A	epipelagic
S0253	geotraces	GP13	TAN1109-2 - GP13 Leg2	1877263	1155698	2011-06-17	14:06:00	-32.495	-157.9945	14	south pacific	A	epipelagic
S0254	geotraces	GP13	TAN1109-2 - GP13 Leg2	1877263	1155674	2011-06-17	14:06:00	-32.495	-157.9945	31	south pacific	A	epipelagic
S0255	geotraces	GP13	TAN1109-2 - GP13 Leg2	1877263	1155668	2011-06-17	14:06:00	-32.495	-157.9945	51	south pacific	A	epipelagic
S0256	geotraces	GP13	TAN1109-2 - GP13 Leg2	1877263	1155662	2011-06-17	14:06:00	-32.495	-157.9945	76	south pacific	A	epipelagic
S0257	geotraces	GP13	TAN1109-2 - GP13 Leg2	1877263	1155656	2011-06-17	14:06:00	-32.495	-157.9945	100	south pacific	A	epipelagic
S0258	geotraces	GP13	TAN1109-2 - GP13 Leg2	1877263	1155638	2011-06-17	14:06:00	-32.495	-157.9945	202	south pacific	A	epipelagic
S0259	geotraces	GP13	TAN1109-2 - GP13 Leg2	1877263	1155833	2011-06-17	20:11:00	-32.5125	-158.028	1008	south pacific	A	mesopelagic
S0260	geotraces	GP13	TAN1109-2 - GP13 Leg2	1877263	1155776	2011-06-17	20:11:00	-32.5125	-158.028	5601	south pacific	A	abyssopelagic
S0261	geotraces	GP13	TAN1109-2 - GP13 Leg2	1877277	1155905	2011-06-18	10:34:00	-32.494	-157.00883	15	south pacific	A	epipelagic
S0262	geotraces	GP13	TAN1109-2 - GP13 Leg2	1877277	1155878	2011-06-18	10:34:00	-32.494	-157.00883	30	south pacific	A	epipelagic
S0263	geotraces	GP13	SS2011-1 - GP13 Leg1	1899495	1223669	2011-05-17	19:55:38	-29.9999	159	15.5	south pacific	A	epipelagic
S0264	geotraces	GP13	SS2011-1 - GP13 Leg1	1899495	1223666	2011-05-17	19:55:38	-29.9999	159	30	south pacific	A	epipelagic
S0265	geotraces	GP13	SS2011-1 - GP13 Leg1	1899495	1223663	2011-05-17	19:55:38	-29.9999	159	50.6	south pacific	A	epipelagic
S0266	geotraces	GP13	SS2011-1 - GP13 Leg1	1899495	1222871	2011-05-17	19:55:38	-29.9999	159	78	south pacific	A	epipelagic
S0267	geotraces	GP13	SS2011-1 - GP13 Leg1	1899495	1223687	2011-05-17	19:55:38	-29.9999	159	101	south pacific	A	epipelagic
S0268	geotraces	GP13	SS2011-1 - GP13 Leg1	1899523	1223804	2011-05-19	15:42:38	-30.0006	162.998	16.1	south pacific	A	epipelagic
S0269	geotraces	GP13	SS2011-1 - GP13 Leg1	1899523	1223798	2011-05-19	15:42:38	-30.0006	162.998	29.9	south pacific	A	epipelagic
S0270	geotraces	GP13	SS2011-1 - GP13 Leg1	1899523	1223792	2011-05-19	15:42:38	-30.0006	162.998	51.3	south pacific	A	epipelagic
S0271	geotraces	GP13	SS2011-1 - GP13 Leg1	1899523	1223834	2011-05-19	15:42:38	-30.0006	162.998	74	south pacific	A	epipelagic
S0272	geotraces	GP13	SS2011-1 - GP13 Leg1	1899523	1223831	2011-05-19	15:42:38	-30.0006	162.998	100.8	south pacific	A	epipelagic
S0273	geotraces	GP13	SS2011-1 - GP13 Leg1	1899558	1223984	2011-05-21	16:06:42	-30	166.987	13.8	south pacific	A	epipelagic
S0274	geotraces	GP13	SS2011-1 - GP13 Leg1	1899558	1223981	2011-05-21	16:06:42	-30	166.987	30.8	south pacific	A	epipelagic
S0275	geotraces	GP13	SS2011-1 - GP13 Leg1	1899558	1223978	2011-05-21	16:06:42	-30	166.987	51.1	south pacific	A	epipelagic
S0276	geotraces	GP13	SS2011-1 - GP13 Leg1	1899558	1224011	2011-05-21	16:06:42	-30	166.987	74.8	south pacific	A	epipelagic
S0277	geotraces	GP13	SS2011-1 - GP13 Leg1	1899558	1224008	2011-05-21	16:06:42	-30	166.987	101.7	south pacific	A	epipelagic
S0278	geotraces	GP13	SS2011-1 - GP13 Leg1	1899306	1222262	2011-05-23	11:54:38	-29.9997	171	15.1	south pacific	A	epipelagic
S0279	geotraces	GP13	SS2011-1 - GP13 Leg1	1899306	1222256	2011-05-23	11:54:38	-29.9997	171	30.7	south pacific	A	epipelagic
S0280	geotraces	GP13	SS2011-1 - GP13 Leg1	1899306	1222250	2011-05-23	11:54:38	-29.9997	171	50.4	south pacific	A	epipelagic
S0281	geotraces	GP13	SS2011-1 - GP13 Leg1	1899306	1222292	2011-05-23	11:54:38	-29.9997	171	75.4	south pacific	A	epipelagic
S0282	geotraces	GP13	SS2011-1 - GP13 Leg1	1899306	1222289	2011-05-23	11:54:38	-29.9997	171	100.5	south pacific	A	epipelagic
S0283	geotraces	GP13	SS2011-1 - GP13 Leg1	1899677	1224224	2011-05-29	16:18:17	-32.4995	-176.03	14.9	south pacific	A	epipelagic
S0284	geotraces	GP13	SS2011-1 - GP13 Leg1	1899677	1223207	2011-05-29	16:18:17	-32.4995	-176.03	29.3	south pacific	A	epipelagic
S0285	geotraces	GP13	SS2011-1 - GP13 Leg1	1899677	1223204	2011-05-29	16:18:17	-32.4995	-176.03	48.9	south pacific	A	epipelagic
S0286	geotraces	GP13	SS2011-1 - GP13 Leg1	1899677	1224218	2011-05-29	16:18:17	-32.4995	-176.03	76.8	south pacific	A	epipelagic
S0287	geotraces	GP13	SS2011-1 - GP13 Leg1	1899677	1223198	2011-05-29	16:18:17	-32.4995	-176.03	100.3	south pacific	A	epipelagic
S0288	geotraces	GP13	SS2011-1 - GP13 Leg1	1899677	1223225	2011-05-29	16:18:17	-32.4995	-176.03	999.9	south pacific	A	mesopelagic
S0289	geotraces	GP13	SS2011-1 - GP13 Leg1	1899467	1222811	2011-05-16	17:59:17	-30.0006	155.98599	74.5	south pacific	A	epipelagic
S0290	geotraces	GP13	SS2011-1 - GP13 Leg1	1899467	1223579	2011-05-16	17:59:17	-30.0006	155.98599	100.9	south pacific	A	epipelagic
S0291	geotraces	GP13	SS2011-1 - GP13 Leg1	1899607	1222409	2011-05-24	15:11:38	-30.0013	174.00101	14.9	south pacific	A	epipelagic
S0292	geotraces	GP13	SS2011-1 - GP13 Leg1	1899607	1222406	2011-05-24	15:11:38	-30.0013	174.00101	30.1	south pacific	A	epipelagic
S0293	geotraces	GP13	SS2011-1 - GP13 Leg1	1899607	1222400	2011-05-24	15:11:38	-30.0013	174.00101	50.4	south pacific	A	epipelagic
S0294	geotraces	GA02	PE319	1608715	632273	2010-05-22	13:07:00	33.4334	-58.0503	9	north atlantic	A	epipelagic
S0295	geotraces	GA02	PE319	1608715	632267	2010-05-22	13:07:00	33.4334	-58.0503	51	north atlantic	A	epipelagic
S0296	geotraces	GA02	PE319	1608715	632264	2010-05-22	13:07:00	33.4334	-58.0503	76	north atlantic	A	epipelagic
S0297	geotraces	GA02	PE319	1608715	632258	2010-05-22	13:07:00	33.4334	-58.0503	151	north atlantic	A	epipelagic
S0298	geotraces	GA02	PE319	1608715	632255	2010-05-22	13:07:00	33.4334	-58.0503	201	north atlantic	A	epipelagic
S0299	geotraces	GP13	SS2011-1 - GP13 Leg1	1899187	1223384	2011-05-14	10:37:58	-29.9982	153.50101	15	south pacific	A	epipelagic
S0300	geotraces	GP13	SS2011-1 - GP13 Leg1	1899187	1223423	2011-05-14	10:37:58	-29.9982	153.50101	49.8	south pacific	A	epipelagic
S0301	geotraces	GP13	SS2011-1 - GP13 Leg1	1899453	1223459	2011-05-15	1:28:38	-30.0019	154.004	15.5	south pacific	A	epipelagic
S0302	geotraces	GP13	SS2011-1 - GP13 Leg1	1899453	1223453	2011-05-15	1:28:38	-30.0019	154.004	30.8	south pacific	A	epipelagic
S0303	geotraces	GP13	SS2011-1 - GP13 Leg1	1899453	1223447	2011-05-15	1:28:38	-30.0019	154.004	51.7	south pacific	A	epipelagic
S0304	geotraces	GP13	SS2011-1 - GP13 Leg1	1899453	1223486	2011-05-15	1:28:38	-30.0019	154.004	75.2	south pacific	A	epipelagic
S0305	geotraces	GP13	SS2011-1 - GP13 Leg1	1899453	1223483	2011-05-15	1:28:38	-30.0019	154.004	99	south pacific	A	epipelagic
S0306	geotraces	GP13	SS2011-1 - GP13 Leg1	1899467	1223552	2011-05-16	17:59:17	-30.0006	155.98599	15.4	south pacific	A	epipelagic
S0307	geotraces	GP13	SS2011-1 - GP13 Leg1	1899467	1222814	2011-05-16	17:59:17	-30.0006	155.98599	30.9	south pacific	A	epipelagic
S0308	geotraces	GP13	SS2011-1 - GP13 Leg1	1899467	1223543	2011-05-16	17:59:17	-30.0006	155.98599	50.6	south pacific	A	epipelagic
S0309	geotraces	GP13	SS2011-1 - GP13 Leg1	1899607	1222397	2011-05-24	15:11:38	-30.0013	174.00101	75.1	south pacific	A	epipelagic
S0310	geotraces	GP13	SS2011-1 - GP13 Leg1	1899607	1222430	2011-05-24	15:11:38	-30.0013	174.00101	100.4	south pacific	A	epipelagic
S0311	geotraces	GP13	SS2011-1 - GP13 Leg1	1899614	1222499	2011-05-25	19:16:06	-30.0002	175.98	15.6	south pacific	A	epipelagic
S0312	geotraces	GP13	SS2011-1 - GP13 Leg1	1899614	1222496	2011-05-25	19:16:06	-30.0002	175.98	30.6	south pacific	A	epipelagic
S0313	geotraces	GP13	SS2011-1 - GP13 Leg1	1899614	1222490	2011-05-25	19:16:06	-30.0002	175.98	50.3	south pacific	A	epipelagic
S0314	geotraces	GP13	SS2011-1 - GP13 Leg1	1899614	1222487	2011-05-25	19:16:06	-30.0002	175.98	74.5	south pacific	A	epipelagic
S0315	geotraces	GP13	SS2011-1 - GP13 Leg1	1899614	1222523	2011-05-25	19:16:06	-30.0002	175.98	99.7	south pacific	A	epipelagic
S0316	geotraces	GP13	SS2011-1 - GP13 Leg1	1899684	1223312	2011-05-31	18:10:31	-32.5001	-170	15.5	south pacific	A	epipelagic
S0317	geotraces	GP13	SS2011-1 - GP13 Leg1	1899684	1223306	2011-05-31	18:10:31	-32.5001	-170	28.4	south pacific	A	epipelagic
S0318	geotraces	GP13	SS2011-1 - GP13 Leg1	1899684	1223300	2011-05-31	18:10:31	-32.5001	-170	48.6	south pacific	A	epipelagic
S0319	geotraces	GP13	SS2011-1 - GP13 Leg1	1899684	1224245	2011-05-31	18:10:31	-32.5001	-170	76	south pacific	A	epipelagic
S0320	geotraces	GP13	SS2011-1 - GP13 Leg1	1899684	1223297	2011-05-31	18:10:31	-32.5001	-170	100.3	south pacific	A	epipelagic
S0321	geotraces	GP13	SS2011-1 - GP13 Leg1	1899684	1222625	2011-05-31	18:10:31	-32.5001	-170	1001.5	south pacific	A	mesopelagic
S0322	geotraces	GP13	SS2011-1 - GP13 Leg1	1899698	1222715	2011-06-01	12:02:53	-32.4998	-171.99899	15.1	south pacific	A	epipelagic
S0323	geotraces	GP13	SS2011-1 - GP13 Leg1	1899698	1222706	2011-06-01	12:02:53	-32.4998	-171.99899	30.9	south pacific	A	epipelagic
S0324	geotraces	GP13	SS2011-1 - GP13 Leg1	1899698	1222700	2011-06-01	12:02:53	-32.4998	-171.99899	49.8	south pacific	A	epipelagic
S0325	geotraces	GP13	SS2011-1 - GP13 Leg1	1899698	1222742	2011-06-01	12:02:53	-32.4998	-171.99899	75.1	south pacific	A	epipelagic
S0326	geotraces	GP13	SS2011-1 - GP13 Leg1	1899698	1222739	2011-06-01	12:02:53	-32.4998	-171.99899	100.3	south pacific	A	epipelagic
S0331	geotraces	GP13	TAN1109-2 - GP13 Leg2	1877102	1154516	2011-06-13	22:40:00	-32.49567	-164.99233	50	south pacific	A	epipelagic
S0332	geotraces	GP13	TAN1109-2 - GP13 Leg2	1877102	1154510	2011-06-13	22:40:00	-32.49567	-164.99233	75	south pacific	A	epipelagic
S0333	geotraces	GP13	TAN1109-2 - GP13 Leg2	1877102	1154504	2011-06-13	22:40:00	-32.49567	-164.99233	100	south pacific	A	epipelagic
S0334	geotraces	GP13	TAN1109-2 - GP13 Leg2	1877102	1154486	2011-06-13	22:40:00	-32.49567	-164.99233	204	south pacific	A	epipelagic
S0335	geotraces	GP13	TAN1109-2 - GP13 Leg2	1877102	1152842	2011-06-14	4:11:00	-32.515	-164.98117	1023	south pacific	A	mesopelagic
S0336	geotraces	GP13	TAN1109-2 - GP13 Leg2	1877102	1152779	2011-06-14	4:11:00	-32.515	-164.98117	5100	south pacific	A	abyssopelagic
S0337	geotraces	GP13	TAN1109-2 - GP13 Leg2	1877130	1152896	2011-06-14	16:46:00	-32.50433	-163.98967	17	south pacific	A	epipelagic
S0338	geotraces	GP13	TAN1109-2 - GP13 Leg2	1877130	1152887	2011-06-14	16:46:00	-32.50433	-163.98967	31	south pacific	A	epipelagic
S0339	geotraces	GP13	TAN1109-2 - GP13 Leg2	1877130	1152881	2011-06-14	16:46:00	-32.50433	-163.98967	51	south pacific	A	epipelagic
S0340	geotraces	GP13	TAN1109-2 - GP13 Leg2	1877130	1152875	2011-06-14	16:46:00	-32.50433	-163.98967	76	south pacific	A	epipelagic
S0341	geotraces	GP13	TAN1109-2 - GP13 Leg2	1877130	1152866	2011-06-14	16:46:00	-32.50433	-163.98967	102	south pacific	A	epipelagic
S0342	geotraces	GP13	TAN1109-2 - GP13 Leg2	1877277	1155872	2011-06-18	10:34:00	-32.494	-157.00883	49	south pacific	A	epipelagic
S0343	geotraces	GP13	TAN1109-2 - GP13 Leg2	1877277	1155866	2011-06-18	10:34:00	-32.494	-157.00883	76	south pacific	A	epipelagic
S0344	geotraces	GP13	TAN1109-2 - GP13 Leg2	1877277	1155860	2011-06-18	10:34:00	-32.494	-157.00883	102	south pacific	A	epipelagic
S0345	geotraces	GP13	TAN1109-2 - GP13 Leg2	1877298	1156046	2011-06-18	20:24:00	-32.50383	-156.01067	15	south pacific	A	epipelagic
S0346	geotraces	GP13	TAN1109-2 - GP13 Leg2	1877298	1156019	2011-06-18	20:24:00	-32.50383	-156.01067	31	south pacific	A	epipelagic
S0347	geotraces	GP13	TAN1109-2 - GP13 Leg2	1877298	1156013	2011-06-18	20:24:00	-32.50383	-156.01067	52	south pacific	A	epipelagic
S0348	geotraces	GP13	TAN1109-2 - GP13 Leg2	1877298	1156007	2011-06-18	20:24:00	-32.50383	-156.01067	77	south pacific	A	epipelagic
S0349	geotraces	GP13	TAN1109-2 - GP13 Leg2	1877298	1156001	2011-06-18	20:24:00	-32.50383	-156.01067	102	south pacific	A	epipelagic
S0350	geotraces	GP13	TAN1109-2 - GP13 Leg2	1877319	1156181	2011-06-19	6:47:00	-32.4995	-154.99933	14	south pacific	A	epipelagic
S0351	geotraces	GP13	TAN1109-2 - GP13 Leg2	1877319	1156163	2011-06-19	6:47:00	-32.4995	-154.99933	30	south pacific	A	epipelagic
S0352	geotraces	GP13	TAN1109-2 - GP13 Leg2	1877319	1156157	2011-06-19	6:47:00	-32.4995	-154.99933	51	south pacific	A	epipelagic
S0353	geotraces	GP13	TAN1109-2 - GP13 Leg2	1877319	1156151	2011-06-19	6:47:00	-32.4995	-154.99933	74	south pacific	A	epipelagic
S0354	geotraces	GP13	TAN1109-2 - GP13 Leg2	1877319	1156145	2011-06-19	6:47:00	-32.4995	-154.99933	101	south pacific	A	epipelagic
S0355	geotraces	GP13	TAN1109-2 - GP13 Leg2	1877354	1156325	2011-06-19	18:28:00	-32.50133	-153.99817	15	south pacific	A	epipelagic
S0356	geotraces	GP13	TAN1109-2 - GP13 Leg2	1877354	1156301	2011-06-19	18:28:00	-32.50133	-153.99817	32	south pacific	A	epipelagic
S0357	geotraces	GP13	TAN1109-2 - GP13 Leg2	1877354	1156295	2011-06-19	18:28:00	-32.50133	-153.99817	51	south pacific	A	epipelagic
S0358	geotraces	GP13	TAN1109-2 - GP13 Leg2	1877354	1156289	2011-06-19	18:28:00	-32.50133	-153.99817	77	south pacific	A	epipelagic
S0359	geotraces	GP13	TAN1109-2 - GP13 Leg2	1877354	1156283	2011-06-19	18:28:00	-32.50133	-153.99817	100	south pacific	A	epipelagic
S0360	geotraces	GP13	TAN1109-2 - GP13 Leg2	1877354	1156265	2011-06-19	18:28:00	-32.50133	-153.99817	201	south pacific	A	epipelagic
S0361	geotraces	GP13	TAN1109-2 - GP13 Leg2	1877354	1156466	2011-06-19	22:18:00	-32.49483	-154.00417	1008	south pacific	A	mesopelagic
S0362	geotraces	GP13	TAN1109-2 - GP13 Leg2	1877354	1156412	2011-06-19	22:18:00	-32.49483	-154.00417	5095	south pacific	A	abyssopelagic
S0363	geotraces	GP13	TAN1109-2 - GP13 Leg2	1877375	1156538	2011-06-20	13:01:00	-32.494	-153.00567	15	south pacific	A	epipelagic
S0365	geotraces	GP13	TAN1109-2 - GP13 Leg2	1877039	1154141	2011-06-12	16:59:00	-32.495	-168.002	75	south pacific	A	epipelagic
S0366	geotraces	GP13	TAN1109-2 - GP13 Leg2	1877039	1154138	2011-06-12	16:59:00	-32.495	-168.002	101	south pacific	A	epipelagic
S0367	geotraces	GP13	TAN1109-2 - GP13 Leg2	1877053	1154327	2011-06-13	3:37:00	-32.49717	-167.00217	14	south pacific	A	epipelagic
S0368	geotraces	GP13	TAN1109-2 - GP13 Leg2	1877053	1154300	2011-06-13	3:37:00	-32.49717	-167.00217	31	south pacific	A	epipelagic
S0369	geotraces	GP13	TAN1109-2 - GP13 Leg2	1877053	1154294	2011-06-13	3:37:00	-32.49717	-167.00217	52	south pacific	A	epipelagic
S0370	geotraces	GP13	TAN1109-2 - GP13 Leg2	1877053	1154288	2011-06-13	3:37:00	-32.49717	-167.00217	78	south pacific	A	epipelagic
S0371	geotraces	GP13	TAN1109-2 - GP13 Leg2	1877053	1154282	2011-06-13	3:37:00	-32.49717	-167.00217	102	south pacific	A	epipelagic
S0372	geotraces	GP13	TAN1109-2 - GP13 Leg2	1877074	1154399	2011-06-13	12:49:00	-32.4985	-165.99883	16	south pacific	A	epipelagic
S0373	geotraces	GP13	TAN1109-2 - GP13 Leg2	1877074	1154372	2011-06-13	12:49:00	-32.4985	-165.99883	30	south pacific	A	epipelagic
S0374	geotraces	GP13	TAN1109-2 - GP13 Leg2	1877074	1154366	2011-06-13	12:49:00	-32.4985	-165.99883	48	south pacific	A	epipelagic
S0375	geotraces	GP13	TAN1109-2 - GP13 Leg2	1877074	1154360	2011-06-13	12:49:00	-32.4985	-165.99883	76	south pacific	A	epipelagic
S0376	geotraces	GP13	TAN1109-2 - GP13 Leg2	1877074	1154354	2011-06-13	12:49:00	-32.4985	-165.99883	102	south pacific	A	epipelagic
S0377	geotraces	GP13	TAN1109-2 - GP13 Leg2	1877102	1152704	2011-06-13	22:40:00	-32.49567	-164.99233	15	south pacific	A	epipelagic
S0378	geotraces	GP13	TAN1109-2 - GP13 Leg2	1877102	1154522	2011-06-13	22:40:00	-32.49567	-164.99233	28	south pacific	A	epipelagic
S0379	geotraces	GP13	TAN1109-2 - GP13 Leg2	1877151	1153013	2011-06-15	11:03:00	-32.50633	-162.9935	15	south pacific	A	epipelagic
S0380	geotraces	GP13	TAN1109-2 - GP13 Leg2	1877151	1153007	2011-06-15	11:03:00	-32.50633	-162.9935	33	south pacific	A	epipelagic
S0381	geotraces	GP13	TAN1109-2 - GP13 Leg2	1877151	1153001	2011-06-15	11:03:00	-32.50633	-162.9935	50	south pacific	A	epipelagic
S0382	geotraces	GP13	TAN1109-2 - GP13 Leg2	1877151	1152995	2011-06-15	11:03:00	-32.50633	-162.9935	75	south pacific	A	epipelagic
S0383	geotraces	GP13	TAN1109-2 - GP13 Leg2	1877151	1152989	2011-06-15	11:03:00	-32.50633	-162.9935	102	south pacific	A	epipelagic
S0384	geotraces	GP13	TAN1109-2 - GP13 Leg2	1877172	1153175	2011-06-15	21:47:00	-32.509	-162.009	16	south pacific	A	epipelagic
S0385	geotraces	GP13	TAN1109-2 - GP13 Leg2	1877172	1153148	2011-06-15	21:47:00	-32.509	-162.009	30	south pacific	A	epipelagic
S0386	geotraces	GP13	TAN1109-2 - GP13 Leg2	1877172	1153142	2011-06-15	21:47:00	-32.509	-162.009	52	south pacific	A	epipelagic
S0387	geotraces	GP13	TAN1109-2 - GP13 Leg2	1877172	1153136	2011-06-15	21:47:00	-32.509	-162.009	76	south pacific	A	epipelagic
S0388	geotraces	GP13	TAN1109-2 - GP13 Leg2	1877172	1153130	2011-06-15	21:47:00	-32.509	-162.009	101	south pacific	A	epipelagic
S0389	geotraces	GP13	TAN1109-2 - GP13 Leg2	1877193	1153316	2011-06-16	8:38:00	-32.49783	-160.99283	15	south pacific	A	epipelagic
S0390	geotraces	GP13	TAN1109-2 - GP13 Leg2	1877193	1153289	2011-06-16	8:38:00	-32.49783	-160.99283	30	south pacific	A	epipelagic
S0391	geotraces	GP13	TAN1109-2 - GP13 Leg2	1877193	1153283	2011-06-16	8:38:00	-32.49783	-160.99283	50	south pacific	A	epipelagic
S0392	geotraces	GP13	TAN1109-2 - GP13 Leg2	1877193	1153277	2011-06-16	8:38:00	-32.49783	-160.99283	73	south pacific	A	epipelagic
S0393	geotraces	GP13	TAN1109-2 - GP13 Leg2	1877193	1153271	2011-06-16	8:38:00	-32.49783	-160.99283	100	south pacific	A	epipelagic
S0394	geotraces	GP13	TAN1109-2 - GP13 Leg2	1877207	1155413	2011-06-16	16:16:00	-32.51033	-160.00783	15	south pacific	A	epipelagic
S0395	geotraces	GP13	TAN1109-2 - GP13 Leg2	1877207	1155410	2011-06-16	16:16:00	-32.51033	-160.00783	32	south pacific	A	epipelagic
S0396	geotraces	GP13	TAN1109-2 - GP13 Leg2	1877207	1155404	2011-06-16	16:16:00	-32.51033	-160.00783	49	south pacific	A	epipelagic
S0397	geotraces	GP13	TAN1109-2 - GP13 Leg2	1877207	1155398	2011-06-16	16:16:00	-32.51033	-160.00783	72	south pacific	A	epipelagic
S0398	geotraces	GP13	TAN1109-2 - GP13 Leg2	1877207	1155392	2011-06-16	16:16:00	-32.51033	-160.00783	102	south pacific	A	epipelagic
S0399	geotraces	GP13	TAN1109-2 - GP13 Leg2	1877228	1155560	2011-06-17	1:54:00	-32.46367	-159.01933	15	south pacific	A	epipelagic
S0400	geotraces	GP13	TAN1109-2 - GP13 Leg2	1877228	1155533	2011-06-17	1:54:00	-32.46367	-159.01933	32	south pacific	A	epipelagic
S0401	geotraces	GP13	TAN1109-2 - GP13 Leg2	1877228	1155527	2011-06-17	1:54:00	-32.46367	-159.01933	49	south pacific	A	epipelagic
S0402	geotraces	GP13	TAN1109-2 - GP13 Leg2	1877228	1155521	2011-06-17	1:54:00	-32.46367	-159.01933	76	south pacific	A	epipelagic
S0403	geotraces	GP13	TAN1109-2 - GP13 Leg2	1877375	1156505	2011-06-20	13:01:00	-32.494	-153.00567	52	south pacific	A	epipelagic
S0404	geotraces	GP13	TAN1109-2 - GP13 Leg2	1877375	1156499	2011-06-20	13:01:00	-32.494	-153.00567	77	south pacific	A	epipelagic
S0405	geotraces	GP13	TAN1109-2 - GP13 Leg2	1877375	1156493	2011-06-20	13:01:00	-32.494	-153.00567	101	south pacific	A	epipelagic
S0406	geotraces	GP13	TAN1109-2 - GP13 Leg2	1877403	1156682	2011-06-21	0:03:00	-32.4885	-151.9995	15	south pacific	A	epipelagic
S0407	geotraces	GP13	TAN1109-2 - GP13 Leg2	1877403	1156655	2011-06-21	0:03:00	-32.4885	-151.9995	30	south pacific	A	epipelagic
S0408	geotraces	GP13	TAN1109-2 - GP13 Leg2	1877403	1156649	2011-06-21	0:03:00	-32.4885	-151.9995	52	south pacific	A	epipelagic
S0409	geotraces	GP13	TAN1109-2 - GP13 Leg2	1877403	1156643	2011-06-21	0:03:00	-32.4885	-151.9995	75	south pacific	A	epipelagic
S0410	geotraces	GP13	TAN1109-2 - GP13 Leg2	1877403	1156637	2011-06-21	0:03:00	-32.4885	-151.9995	102	south pacific	A	epipelagic
S0411	geotraces	GP13	TAN1109-2 - GP13 Leg2	1877424	1156883	2011-06-21	13:10:00	-32.49567	-151.00067	15	south pacific	A	epipelagic
S0412	geotraces	GP13	TAN1109-2 - GP13 Leg2	1877424	1156871	2011-06-21	13:10:00	-32.49567	-151.00067	30	south pacific	A	epipelagic
S0413	geotraces	GP13	TAN1109-2 - GP13 Leg2	1877424	1156865	2011-06-21	13:10:00	-32.49567	-151.00067	50	south pacific	A	epipelagic
S0414	geotraces	GP13	TAN1109-2 - GP13 Leg2	1877424	1156859	2011-06-21	13:10:00	-32.49567	-151.00067	76	south pacific	A	epipelagic
S0415	geotraces	GP13	SS2011-1 - GP13 Leg1	1899628	1222577	2011-05-26	22:16:59	-31.5988	178	15.2	south pacific	A	epipelagic
S0416	geotraces	GP13	SS2011-1 - GP13 Leg1	1899628	1222574	2011-05-26	22:16:59	-31.5988	178	30	south pacific	A	epipelagic
S0417	geotraces	GP13	SS2011-1 - GP13 Leg1	1899628	1222571	2011-05-26	22:16:59	-31.5988	178	51.2	south pacific	A	epipelagic
S0418	geotraces	GP13	SS2011-1 - GP13 Leg1	1899628	1222601	2011-05-26	22:16:59	-31.5988	178	74.1	south pacific	A	epipelagic
S0419	geotraces	GP13	SS2011-1 - GP13 Leg1	1899628	1222598	2011-05-26	22:16:59	-31.5988	178	99.8	south pacific	A	epipelagic
S0420	geotraces	GP13	SS2011-1 - GP13 Leg1	1899656	1223060	2011-05-28	11:09:40	-32.4995	-179.125	15.6	south pacific	A	epipelagic
S0421	geotraces	GP13	SS2011-1 - GP13 Leg1	1899656	1223054	2011-05-28	11:09:40	-32.4995	-179.125	29.5	south pacific	A	epipelagic
S0422	geotraces	GP13	SS2011-1 - GP13 Leg1	1899656	1223048	2011-05-28	11:09:40	-32.4995	-179.125	51.1	south pacific	A	epipelagic
S0423	geotraces	GP13	SS2011-1 - GP13 Leg1	1899656	1223090	2011-05-28	11:09:40	-32.4995	-179.125	74.7	south pacific	A	epipelagic
S0424	geotraces	GP13	SS2011-1 - GP13 Leg1	1899656	1223087	2011-05-28	11:09:40	-32.4995	-179.125	99.9	south pacific	A	epipelagic
S0425	geotraces	GP13	SS2011-1 - GP13 Leg1	1899656	1223069	2011-05-28	11:09:40	-32.4995	-179.125	1001.5	south pacific	A	mesopelagic
S0426	geotraces	GP13	TAN1109-2 - GP13 Leg2	1876962	1153688	2011-06-10	22:48:00	-32.49667	-170.99533	16	south pacific	A	epipelagic
S0427	geotraces	GP13	TAN1109-2 - GP13 Leg2	1876962	1153676	2011-06-10	22:48:00	-32.49667	-170.99533	32	south pacific	A	epipelagic
S0428	geotraces	GP13	TAN1109-2 - GP13 Leg2	1876962	1153670	2011-06-10	22:48:00	-32.49667	-170.99533	52	south pacific	A	epipelagic
S0429	geotraces	GP13	TAN1109-2 - GP13 Leg2	1876962	1153664	2011-06-10	22:48:00	-32.49667	-170.99533	75	south pacific	A	epipelagic
S0430	geotraces	GP13	TAN1109-2 - GP13 Leg2	1876962	1153658	2011-06-10	22:48:00	-32.49667	-170.99533	103	south pacific	A	epipelagic
S0431	geotraces	GP13	TAN1109-2 - GP13 Leg2	1876997	1153841	2011-06-11	8:25:00	-32.49367	-169.99517	16	south pacific	A	epipelagic
S0432	geotraces	GP13	TAN1109-2 - GP13 Leg2	1876997	1153820	2011-06-11	8:25:00	-32.49367	-169.99517	32	south pacific	A	epipelagic
S0433	geotraces	GP13	TAN1109-2 - GP13 Leg2	1876997	1153814	2011-06-11	8:25:00	-32.49367	-169.99517	51	south pacific	A	epipelagic
S0434	geotraces	GP13	TAN1109-2 - GP13 Leg2	1876997	1153808	2011-06-11	8:25:00	-32.49367	-169.99517	75	south pacific	A	epipelagic
S0435	geotraces	GP13	TAN1109-2 - GP13 Leg2	1876997	1153802	2011-06-11	8:25:00	-32.49367	-169.99517	103	south pacific	A	epipelagic
S0436	geotraces	GP13	TAN1109-2 - GP13 Leg2	1876997	1153793	2011-06-11	8:25:00	-32.49367	-169.99517	203	south pacific	A	epipelagic
S0437	geotraces	GP13	TAN1109-2 - GP13 Leg2	1876997	1153967	2011-06-11	14:02:00	-32.4875	-169.991	1012	south pacific	A	mesopelagic
S0438	geotraces	GP13	TAN1109-2 - GP13 Leg2	1876997	1153916	2011-06-11	14:02:00	-32.4875	-169.991	4580	south pacific	A	abyssopelagic
S0439	geotraces	GP13	TAN1109-2 - GP13 Leg2	1877018	1154021	2011-06-12	7:26:00	-32.499	-169.00233	17	south pacific	A	epipelagic
S0440	geotraces	GP13	TAN1109-2 - GP13 Leg2	1877018	1154009	2011-06-12	7:26:00	-32.499	-169.00233	32	south pacific	A	epipelagic
S0441	geotraces	GP13	TAN1109-2 - GP13 Leg2	1877018	1154003	2011-06-12	7:26:00	-32.499	-169.00233	52	south pacific	A	epipelagic
S0442	geotraces	GP13	TAN1109-2 - GP13 Leg2	1877018	1153997	2011-06-12	7:26:00	-32.499	-169.00233	76	south pacific	A	epipelagic
S0443	geotraces	GP13	TAN1109-2 - GP13 Leg2	1877018	1153991	2011-06-12	7:26:00	-32.499	-169.00233	101	south pacific	A	epipelagic
S0444	geotraces	GP13	TAN1109-2 - GP13 Leg2	1877039	1154183	2011-06-12	16:59:00	-32.495	-168.002	15	south pacific	A	epipelagic
S0445	geotraces	GP13	TAN1109-2 - GP13 Leg2	1877039	1154156	2011-06-12	16:59:00	-32.495	-168.002	30	south pacific	A	epipelagic
S0446	geotraces	GP13	TAN1109-2 - GP13 Leg2	1877039	1154147	2011-06-12	16:59:00	-32.495	-168.002	50	south pacific	A	epipelagic
S0447	geotraces	GA10	D357	761122	237617	2010-10-19	6:14:00	-34.62898	17.06995	6.1	south atlantic	A	epipelagic
S0448	geotraces	GA10	D357	761122	237616	2010-10-19	6:14:00	-34.62898	17.06995	21.1	south atlantic	A	epipelagic
S0449	geotraces	GA10	D357	761122	237615	2010-10-19	6:14:00	-34.62898	17.06995	31.2	south atlantic	A	epipelagic
S0450	geotraces	GA10	D357	761122	237614	2010-10-19	6:14:00	-34.62898	17.06995	40.8	south atlantic	A	epipelagic
S0451	geotraces	GA10	D357	761122	237613	2010-10-19	6:14:00	-34.62898	17.06995	51.4	south atlantic	A	epipelagic
S0452	geotraces	GA10	D357	761122	237607	2010-10-19	6:14:00	-34.62898	17.06995	60.9	south atlantic	A	epipelagic
S0453	geotraces	GA10	D357	761128	237665	2010-10-20	10:08:00	-35.36689	14.90645	6.4	south atlantic	A	epipelagic
S0454	geotraces	GA10	D357	761128	237663	2010-10-20	10:08:00	-35.36689	14.90645	21.3	south atlantic	A	epipelagic
S0455	geotraces	GA10	D357	761128	237662	2010-10-20	10:08:00	-35.36689	14.90645	51.1	south atlantic	A	epipelagic
S0456	geotraces	GA10	D357	761128	237656	2010-10-20	10:08:00	-35.36689	14.90645	61.4	south atlantic	A	epipelagic
S0457	geotraces	GA10	D357	761128	237655	2010-10-20	10:08:00	-35.36689	14.90645	81.5	south atlantic	A	epipelagic
S0458	geotraces	GA10	D357	761128	237654	2010-10-20	10:08:00	-35.36689	14.90645	101.9	south atlantic	A	epipelagic
S0459	geotraces	GA10	D357	761140	237705	2010-10-23	3:39:00	-36.4495	13.21958	10	south atlantic	A	epipelagic
S0460	geotraces	GA10	D357	761140	237702	2010-10-23	3:39:00	-36.4495	13.21958	21.1	south atlantic	A	epipelagic
S0461	geotraces	GA10	D357	761140	237700	2010-10-23	3:39:00	-36.4495	13.21958	50.2	south atlantic	A	epipelagic
S0462	geotraces	GA10	D357	761140	237698	2010-10-23	3:39:00	-36.4495	13.21958	59.8	south atlantic	A	epipelagic
S0463	geotraces	GA10	D357	761140	237697	2010-10-23	3:39:00	-36.4495	13.21958	81.5	south atlantic	A	epipelagic
S0464	geotraces	GA10	D357	761140	237693	2010-10-23	3:39:00	-36.4495	13.21958	101	south atlantic	A	epipelagic
S0465	geotraces	GA10	D357	761148	237500	2010-10-26	6:22:00	-38.42539	10.08884	6.5	south atlantic	A	epipelagic
S0466	geotraces	GA10	D357	761148	237498	2010-10-26	6:22:00	-38.42539	10.08884	21.4	south atlantic	A	epipelagic
S0467	geotraces	GA10	D357	761148	237497	2010-10-26	6:22:00	-38.42539	10.08884	42.2	south atlantic	A	epipelagic
S0468	geotraces	GA10	D357	761148	237496	2010-10-26	6:22:00	-38.42539	10.08884	52.1	south atlantic	A	epipelagic
S0469	geotraces	GA10	D357	761148	237494	2010-10-26	6:22:00	-38.42539	10.08884	62	south atlantic	A	epipelagic
S0470	geotraces	GA10	D357	761148	237491	2010-10-26	6:22:00	-38.42539	10.08884	101.9	south atlantic	A	epipelagic
S0471	geotraces	GA10	D357	761154	237547	2010-10-27	19:24:00	-40.06269	5.52721	6.3	south atlantic	A	epipelagic
S0472	geotraces	GA10	D357	761154	237545	2010-10-27	19:24:00	-40.06269	5.52721	21.6	south atlantic	A	epipelagic
S0473	geotraces	GA10	D357	761154	237538	2010-10-27	19:24:00	-40.06269	5.52721	51.2	south atlantic	A	epipelagic
S0474	geotraces	GA10	D357	761154	237537	2010-10-27	19:24:00	-40.06269	5.52721	66.3	south atlantic	A	epipelagic
S0475	geotraces	GA10	D357	761154	237535	2010-10-27	19:24:00	-40.06269	5.52721	81.4	south atlantic	A	epipelagic
S0476	geotraces	GA10	D357	761154	237533	2010-10-27	19:24:00	-40.06269	5.52721	101.9	south atlantic	A	epipelagic
S0477	geotraces	GA10	D357	761162	237745	2010-10-29	18:23:00	-40.01935	0.88755	6	south atlantic	A	epipelagic
S0478	geotraces	GA10	D357	761162	237743	2010-10-29	18:23:00	-40.01935	0.88755	21.4	south atlantic	A	epipelagic
S0479	geotraces	GA10	D357	761162	237741	2010-10-29	18:23:00	-40.01935	0.88755	50.9	south atlantic	A	epipelagic
S0480	geotraces	GA10	D357	761162	237739	2010-10-29	18:23:00	-40.01935	0.88755	61.4	south atlantic	A	epipelagic
S0481	geotraces	GA10	D357	761162	237737	2010-10-29	18:23:00	-40.01935	0.88755	76.2	south atlantic	A	epipelagic
S0482	geotraces	GA10	D357	761162	237733	2010-10-29	18:23:00	-40.01935	0.88755	101.9	south atlantic	A	epipelagic
S0483	geotraces	GA10	D357	761176	237841	2010-11-10	12:29:00	-34.89531	16.07692	6	south atlantic	A	epipelagic
S0484	geotraces	GA10	D357	761176	237839	2010-11-10	12:29:00	-34.89531	16.07692	21.2	south atlantic	A	epipelagic
S0485	geotraces	GA10	D357	761176	237837	2010-11-10	12:29:00	-34.89531	16.07692	41.3	south atlantic	A	epipelagic
S0486	geotraces	GA10	D357	761176	237830	2010-11-10	12:29:00	-34.89531	16.07692	60.9	south atlantic	A	epipelagic
S0487	geotraces	GA10	D357	761176	237829	2010-11-10	12:29:00	-34.89531	16.07692	71.6	south atlantic	A	epipelagic
S0488	geotraces	GA10	D357	761176	237826	2010-11-10	12:29:00	-34.89531	16.07692	101.1	south atlantic	A	epipelagic
S0489	geotraces	GA10	D357	761184	237889	2010-11-12	7:08:00	-36.48458	13.276	6.3	south atlantic	A	epipelagic
S0490	geotraces	GA10	D357	761184	237887	2010-11-12	7:08:00	-36.48458	13.276	21.1	south atlantic	A	epipelagic
S0491	geotraces	GA10	D357	761184	237886	2010-11-12	7:08:00	-36.48458	13.276	40.7	south atlantic	A	epipelagic
S0492	geotraces	GA10	D357	761184	237882	2010-11-12	7:08:00	-36.48458	13.276	61.5	south atlantic	A	epipelagic
S0493	geotraces	GA10	D357	761184	237881	2010-11-12	7:08:00	-36.48458	13.276	80.9	south atlantic	A	epipelagic
S0494	geotraces	GA10	D357	761184	237880	2010-11-12	7:08:00	-36.48458	13.276	100.9	south atlantic	A	epipelagic
S0495	geotraces	GA10	D357	761192	237937	2010-11-15	2:37:00	-39.25553	7.72506	6.1	south atlantic	A	epipelagic
S0496	geotraces	GA10	D357	761192	237936	2010-11-15	2:37:00	-39.25553	7.72506	21.4	south atlantic	A	epipelagic
S0497	geotraces	GA10	D357	761192	237934	2010-11-15	2:37:00	-39.25553	7.72506	51.2	south atlantic	A	epipelagic
S0498	geotraces	GA10	D357	761192	237933	2010-11-15	2:37:00	-39.25553	7.72506	71.3	south atlantic	A	epipelagic
S0499	geotraces	GA10	D357	761192	237932	2010-11-15	2:37:00	-39.25553	7.72506	91.5	south atlantic	A	epipelagic
S0500	geotraces	GA10	D357	761192	237930	2010-11-15	2:37:00	-39.25553	7.72506	121.1	south atlantic	A	epipelagic
S0501	timeseries	HOT	156		14	2004-02-24		22.75	-158	5	north pacific	A	epipelagic
S0502	timeseries	HOT	156		8	2004-02-24		22.75	-158	100	north pacific	A	epipelagic
S0503	timeseries	HOT	156		4	2004-02-24		22.75	-158	175	north pacific	A	epipelagic
S0504	timeseries	HOT	158		13	2004-04-20		22.75	-158	25	north pacific	A	epipelagic
S0505	timeseries	HOT	158		6	2004-04-20		22.75	-158	125	north pacific	A	epipelagic
S0506	timeseries	HOT	158		4	2004-04-20		22.75	-158	175	north pacific	A	epipelagic
S0507	timeseries	HOT	159		14	2004-05-18		22.75	-158	5	north pacific	A	epipelagic
S0508	timeseries	HOT	159		7	2004-05-18		22.75	-158	115	north pacific	A	epipelagic
S0509	timeseries	HOT	159		4	2004-05-18		22.75	-158	175	north pacific	A	epipelagic
S0510	timeseries	HOT	160		14	2004-06-15		22.75	-158	5	north pacific	A	epipelagic
S0511	timeseries	HOT	160		6	2004-06-15		22.75	-158	125	north pacific	A	epipelagic
S0512	timeseries	HOT	160		4	2004-06-15		22.75	-158	175	north pacific	A	epipelagic
S0513	timeseries	HOT	162		14	2004-08-15		22.75	-158	5	north pacific	A	epipelagic
S0514	timeseries	HOT	162		8	2004-08-15		22.75	-158	100	north pacific	A	epipelagic
S0515	timeseries	HOT	162		4	2004-08-15		22.75	-158	175	north pacific	A	epipelagic
S0516	timeseries	HOT	163		14	2004-09-28		22.75	-158	5	north pacific	A	epipelagic
S0517	timeseries	HOT	163		7	2004-09-28		22.75	-158	115	north pacific	A	epipelagic
S0518	timeseries	HOT	163		4	2004-09-28		22.75	-158	175	north pacific	A	epipelagic
S0519	timeseries	HOT	164		17	2004-10-10		22.75	-158	5	north pacific	A	epipelagic
S0520	timeseries	HOT	164		8	2004-10-10		22.75	-158	115	north pacific	A	epipelagic
S0521	timeseries	HOT	164		4	2004-10-10		22.75	-158	175	north pacific	A	epipelagic
S0522	timeseries	HOT	165		19	2004-11-10		22.75	-158	5	north pacific	A	epipelagic
S0523	timeseries	HOT	165		9	2004-11-10		22.75	-158	100	north pacific	A	epipelagic
S0524	timeseries	HOT	165		4	2004-11-10		22.75	-158	175	north pacific	A	epipelagic
S0525	timeseries	HOT	166		14	2004-12-14		22.75	-158	5	north pacific	A	epipelagic
S0526	timeseries	HOT	166		8	2004-12-14		22.75	-158	100	north pacific	A	epipelagic
S0527	timeseries	HOT	166		4	2004-12-14		22.75	-158	175	north pacific	A	epipelagic
S0528	timeseries	HOT	144		14	2003-01-17		22.75	-158	5	north pacific	A	epipelagic
S0529	timeseries	HOT	144		6	2003-01-17		22.75	-158	125	north pacific	A	epipelagic
S0530	timeseries	HOT	144		4	2003-01-17		22.75	-158	175	north pacific	A	epipelagic
S0531	timeseries	HOT	145		18	2003-02-25		22.75	-158	5	north pacific	A	epipelagic
S0532	timeseries	HOT	145		8	2003-02-25		22.75	-158	115	north pacific	A	epipelagic
S0533	timeseries	HOT	145		5	2003-02-25		22.75	-158	175	north pacific	A	epipelagic
S0534	timeseries	HOT	146		14	2003-03-28		22.75	-158	5	north pacific	A	epipelagic
S0535	timeseries	HOT	146		7	2003-03-28		22.75	-158	125	north pacific	A	epipelagic
S0536	timeseries	HOT	146		4	2003-03-28		22.75	-158	175	north pacific	A	epipelagic
S0537	timeseries	HOT	147		14	2003-04-23		22.75	-158	5	north pacific	A	epipelagic
S0538	timeseries	HOT	147		6	2003-04-23		22.75	-158	125	north pacific	A	epipelagic
S0539	timeseries	HOT	147		4	2003-04-23		22.75	-158	175	north pacific	A	epipelagic
S0540	timeseries	HOT	148		16	2003-05-20		22.75	-158	5	north pacific	A	epipelagic
S0541	timeseries	HOT	148		7	2003-05-20		22.75	-158	115	north pacific	A	epipelagic
S0542	timeseries	HOT	148		4	2003-05-20		22.75	-158	175	north pacific	A	epipelagic
S0543	timeseries	HOT	149		14	2003-06-19		22.75	-158	5	north pacific	A	epipelagic
S0544	timeseries	HOT	149		8	2003-06-19		22.75	-158	100	north pacific	A	epipelagic
S0545	timeseries	HOT	149		4	2003-06-19		22.75	-158	175	north pacific	A	epipelagic
S0546	timeseries	HOT	150		14	2003-07-19		22.75	-158	5	north pacific	A	epipelagic
S0547	timeseries	HOT	150		6	2003-07-19		22.75	-158	125	north pacific	A	epipelagic
S0548	timeseries	HOT	150		4	2003-07-19		22.75	-158	175	north pacific	A	epipelagic
S0549	timeseries	HOT	151		16	2003-08-20		22.75	-158	5	north pacific	A	epipelagic
S0550	timeseries	HOT	151		7	2003-08-20		22.75	-158	115	north pacific	A	epipelagic
S0551	timeseries	HOT	151		4	2003-08-20		22.75	-158	175	north pacific	A	epipelagic
S0552	timeseries	HOT	153		14	2003-11-09		22.75	-158	5	north pacific	A	epipelagic
S0553	timeseries	HOT	153		8	2003-11-09		22.75	-158	100	north pacific	A	epipelagic
S0554	timeseries	HOT	153		4	2003-11-09		22.75	-158	175	north pacific	A	epipelagic
S0555	timeseries	HOT	154		18	2003-12-20		22.75	-158	5	north pacific	A	epipelagic
S0556	timeseries	HOT	154		10	2003-12-20		22.75	-158	85	north pacific	A	epipelagic
S0557	timeseries	HOT	154		4	2003-12-20		22.75	-158	175	north pacific	A	epipelagic
S0558	timeseries	HOT	152		20	2003-10-14		22.75	-158	10	north pacific	A	epipelagic
S0559	timeseries	HOT	152		8	2003-10-14		22.75	-158	100	north pacific	A	epipelagic
S0560	timeseries	HOT	152		4	2003-10-14		22.75	-158	175	north pacific	A	epipelagic
S0561	timeseries	HOT	155		14	2004-01-21		22.75	-158	5	north pacific	A	epipelagic
S0562	timeseries	HOT	155		8	2004-01-21		22.75	-158	100	north pacific	A	epipelagic
S0563	timeseries	HOT	155		4	2004-01-21		22.75	-158	175	north pacific	A	epipelagic
S0564	timeseries	HOT	157		23	2004-03-19		22.75	-158	10	north pacific	A	epipelagic
S0565	timeseries	HOT	157		16	2004-03-19		22.75	-158	115	north pacific	A	epipelagic
S0566	timeseries	HOT	157		13	2004-03-19		22.75	-158	175	north pacific	A	epipelagic
S0567	timeseries	BATS	175		1	2003-04-22		31.666667	-64.166667	10	north atlantic	A	epipelagic
S0568	timeseries	BATS	175		6	2003-04-22		31.666667	-64.166667	80	north atlantic	A	epipelagic
S0569	timeseries	BATS	175		11	2003-04-22		31.666667	-64.166667	180	north atlantic	A	epipelagic
S0570	timeseries	BATS	181		1	2003-10-07		31.666667	-64.166667	1	north atlantic	A	epipelagic
S0571	timeseries	BATS	181		6	2003-10-07		31.666667	-64.166667	80	north atlantic	A	epipelagic
S0572	timeseries	BATS	181		11	2003-10-07		31.666667	-64.166667	180	north atlantic	A	epipelagic
S0573	timeseries	BATS	184		1	2004-01-27		31.666667	-64.166667	1	north atlantic	A	epipelagic
S0574	timeseries	BATS	184		8	2004-01-27		31.666667	-64.166667	40	north atlantic	A	epipelagic
S0575	timeseries	BATS	184		18	2004-01-27		31.666667	-64.166667	180	north atlantic	A	epipelagic
S0576	timeseries	BATS	186		1	2004-03-23		31.666667	-64.166667	1	north atlantic	A	epipelagic
S0577	timeseries	BATS	186		11	2004-03-23		31.666667	-64.166667	60	north atlantic	A	epipelagic
S0578	timeseries	BATS	186		19	2004-03-23		31.666667	-64.166667	180	north atlantic	A	epipelagic
S0579	timeseries	BATS	195		1	2004-12-08		31.666667	-64.166667	1	north atlantic	A	epipelagic
S0580	timeseries	BATS	195		7	2004-12-08		31.666667	-64.166667	100	north atlantic	A	epipelagic
S0581	timeseries	BATS	195		11	2004-12-08		31.666667	-64.166667	180	north atlantic	A	epipelagic
S0582	timeseries	BATS	173		7	2003-02-21		31.666667	-64.166667	1	north atlantic	A	epipelagic
S0583	timeseries	BATS	173		10	2003-02-21		31.666667	-64.166667	40	north atlantic	A	epipelagic
S0584	timeseries	BATS	173		17	2003-02-21		31.666667	-64.166667	180	north atlantic	A	epipelagic
S0585	timeseries	BATS	174		11	2003-03-22		31.666667	-64.166667	1	north atlantic	A	epipelagic
S0586	timeseries	BATS	174		16	2003-03-22		31.666667	-64.166667	80	north atlantic	A	epipelagic
S0587	timeseries	BATS	174		21	2003-03-22		31.666667	-64.166667	180	north atlantic	A	epipelagic
S0588	timeseries	BATS	178		7	2003-07-15		31.666667	-64.166667	10	north atlantic	A	epipelagic
S0589	timeseries	BATS	178		14	2003-07-15		31.666667	-64.166667	120	north atlantic	A	epipelagic
S0590	timeseries	BATS	178		17	2003-07-15		31.666667	-64.166667	180	north atlantic	A	epipelagic
S0591	timeseries	BATS	179		1	2003-08-12		31.666667	-64.166667	10	north atlantic	A	epipelagic
S0592	timeseries	BATS	179		10	2003-08-12		31.666667	-64.166667	100	north atlantic	A	epipelagic
S0593	timeseries	BATS	179		13	2003-08-12		31.666667	-64.166667	160	north atlantic	A	epipelagic
S0594	timeseries	BATS	187		1	2004-04-21		31.666667	-64.166667	1	north atlantic	A	epipelagic
S0595	timeseries	BATS	187		4	2004-04-21		31.666667	-64.166667	40	north atlantic	A	epipelagic
S0596	timeseries	BATS	187		11	2004-04-21		31.666667	-64.166667	180	north atlantic	A	epipelagic
S0597	timeseries	BATS	192		1	2004-09-14		31.666667	-64.166667	1	north atlantic	A	epipelagic
S0598	timeseries	BATS	192		7	2004-09-14		31.666667	-64.166667	100	north atlantic	A	epipelagic
S0599	timeseries	BATS	192		11	2004-09-14		31.666667	-64.166667	180	north atlantic	A	epipelagic
S0600	timeseries	BATS	193		1	2004-10-13		31.666667	-64.166667	1	north atlantic	A	epipelagic
S0601	timeseries	BATS	193		7	2004-10-13		31.666667	-64.166667	100	north atlantic	A	epipelagic
S0602	timeseries	BATS	193		11	2004-10-13		31.666667	-64.166667	180	north atlantic	A	epipelagic
S0603	timeseries	BATS	194		1	2004-11-12		31.666667	-64.166667	1	north atlantic	A	epipelagic
S0604	timeseries	BATS	194		6	2004-11-12		31.666667	-64.166667	80	north atlantic	A	epipelagic
S0605	timeseries	BATS	194		11	2004-11-12		31.666667	-64.166667	180	north atlantic	A	epipelagic
S0606	timeseries	BATS	176		1	2003-05-20		31.666667	-64.166667	1	north atlantic	A	epipelagic
S0607	timeseries	BATS	176		13	2003-05-20		31.666667	-64.166667	100	north atlantic	A	epipelagic
S0608	timeseries	BATS	176		17	2003-05-20		31.666667	-64.166667	180	north atlantic	A	epipelagic
S0609	timeseries	BATS	182		1	2003-11-04		31.666667	-64.166667	1	north atlantic	A	epipelagic
S0610	timeseries	BATS	182		6	2003-11-04		31.666667	-64.166667	80	north atlantic	A	epipelagic
S0611	timeseries	BATS	182		11	2003-11-04		31.666667	-64.166667	180	north atlantic	A	epipelagic
S0612	timeseries	BATS	183		1	2003-12-02		31.666667	-64.166667	1	north atlantic	A	epipelagic
S0613	timeseries	BATS	183		10	2003-12-02		31.666667	-64.166667	100	north atlantic	A	epipelagic
S0614	timeseries	BATS	183		14	2003-12-02		31.666667	-64.166667	180	north atlantic	A	epipelagic
S0615	timeseries	BATS	188		4	2004-05-18		31.666667	-64.166667	10	north atlantic	A	epipelagic
S0616	timeseries	BATS	188		9	2004-05-18		31.666667	-64.166667	80	north atlantic	A	epipelagic
S0617	timeseries	BATS	188		14	2004-05-18		31.666667	-64.166667	180	north atlantic	A	epipelagic
S0618	timeseries	BATS	189		1	2004-06-15		31.666667	-64.166667	10	north atlantic	A	epipelagic
S0619	timeseries	BATS	189		9	2004-06-15		31.666667	-64.166667	100	north atlantic	A	epipelagic
S0620	timeseries	BATS	189		13	2004-06-15		31.666667	-64.166667	180	north atlantic	A	epipelagic
S0621	timeseries	BATS	191		4	2004-08-17		31.666667	-64.166667	1	north atlantic	A	epipelagic
S0622	timeseries	BATS	191		11	2004-08-17		31.666667	-64.166667	120	north atlantic	A	epipelagic
S0623	timeseries	BATS	191		14	2004-08-17		31.666667	-64.166667	180	north atlantic	A	epipelagic
S0624	timeseries	BATS	185		1	2004-02-24		31.666667	-64.166667	1	north atlantic	A	epipelagic
S0625	timeseries	BATS	185		4	2004-02-24		31.666667	-64.166667	40	north atlantic	A	epipelagic
S0626	timeseries	BATS	185		11	2004-02-24		31.666667	-64.166667	180	north atlantic	A	epipelagic
S0627	timeseries	HOT	214			2009-08-19		22.75	-158	5	north pacific	A	epipelagic
S0628	timeseries	HOT	216			2009-11-04		22.75	-158	100	north pacific	A	epipelagic
S0629	timeseries	BATS	248			2009-07-14		31.666667	-64.166667	10	north atlantic	A	epipelagic
S0630	timeseries	BATS	252			2009-11-07		31.666667	-64.166667	100	north atlantic	A	epipelagic
tara_S0001	tara			TARA_004	TARA_X000000368	2009-09-15		36.5533	-6.5669	40	north atlantic	A	epipelagic
tara_S0002	tara			TARA_004	TARA_X000000368	2009-09-15		36.5533	-6.5669	40	north atlantic	B	epipelagic
tara_S0003	tara			TARA_004	TARA_S200000501	2009-09-15		36.5533	-6.5669	5	north atlantic	A	epipelagic
tara_S0004	tara			TARA_004	TARA_S200000501	2009-09-15		36.5533	-6.5669	5	north atlantic	B	epipelagic
tara_S0005	tara			TARA_018	TARA_E500000081	2009-11-02		35.7528	14.2765	60	mediterranean	A	epipelagic
tara_S0006	tara			TARA_018	TARA_E500000081	2009-11-02		35.7528	14.2765	60	mediterranean	B	epipelagic
tara_S0007	tara			TARA_018	TARA_E500000331	2009-11-02		35.759	14.2574	5	mediterranean	A	epipelagic
tara_S0008	tara			TARA_018	TARA_E500000331	2009-11-02		35.759	14.2574	5	mediterranean	B	epipelagic
tara_S0009	tara			TARA_023	TARA_A100001011	2009-11-18		42.1735	17.7252	55	mediterranean	A	epipelagic
tara_S0010	tara			TARA_023	TARA_A100001011	2009-11-18		42.1735	17.7252	55	mediterranean	B	epipelagic
tara_S0011	tara			TARA_023	TARA_A100001011	2009-11-18		42.2038	17.715	5	mediterranean	A	epipelagic
tara_S0012	tara			TARA_023	TARA_A100001011	2009-11-18		42.2038	17.715	5	mediterranean	B	epipelagic
tara_S0013	tara			TARA_025	TARA_A100001037	2009-11-23		39.3991	19.3997	50	mediterranean	A	epipelagic
tara_S0014	tara			TARA_025	TARA_A100001037	2009-11-23		39.3991	19.3997	50	mediterranean	B	epipelagic
tara_S0015	tara			TARA_025	TARA_B100000029	2009-11-23		39.3888	19.3905	5	mediterranean	A	epipelagic
tara_S0016	tara			TARA_025	TARA_B100000029	2009-11-23		39.3888	19.3905	5	mediterranean	B	epipelagic
tara_S0017	tara			TARA_030	TARA_B100000035	2009-12-15		33.9235	32.8118	70.5	mediterranean	A	epipelagic
tara_S0018	tara			TARA_030	TARA_B100000035	2009-12-15		33.9235	32.8118	70.5	mediterranean	B	epipelagic
tara_S0019	tara			TARA_030	TARA_B100000073	2009-12-15		33.9235	32.8118	70.5	mediterranean	C	epipelagic
tara_S0020	tara			TARA_030	TARA_B100000073	2009-12-15		33.9235	32.8118	70.5	mediterranean	D	epipelagic
tara_S0021	tara			TARA_030	TARA_B100000085	2009-12-15		33.9179	32.898	5	mediterranean	A	epipelagic
tara_S0022	tara			TARA_030	TARA_B100000105	2009-12-15		33.9179	32.898	5	mediterranean	B	epipelagic
tara_S0023	tara			TARA_031	TARA_B100000097	2010-01-09		27.1433	34.8	5	red sea	A	epipelagic
tara_S0024	tara			TARA_031	TARA_B100000097	2010-01-09		27.1433	34.8	5	red sea	B	epipelagic
tara_S0025	tara			TARA_032	TARA_B100000287	2010-01-11		23.4183	37.245	80	red sea	A	epipelagic
tara_S0026	tara			TARA_032	TARA_B100000287	2010-01-11		23.4183	37.245	80	red sea	B	epipelagic
tara_S0027	tara			TARA_032	TARA_B100000131	2010-01-11		23.36	37.2183	5	red sea	A	epipelagic
tara_S0028	tara			TARA_032	TARA_B100000131	2010-01-11		23.36	37.2183	5	red sea	B	epipelagic
tara_S0029	tara			TARA_032	TARA_B100000214	2010-01-11		23.36	37.2183	5	red sea	C	epipelagic
tara_S0030	tara			TARA_033	TARA_B100000214	2010-01-13		21.9467	38.2517	5	red sea	A	epipelagic
tara_S0031	tara			TARA_033	TARA_B000000557	2010-01-13		21.9467	38.2517	5	red sea	B	epipelagic
tara_S0032	tara			TARA_034	TARA_B100000405	2010-01-20		18.4417	39.8567	60	red sea	A	epipelagic
tara_S0033	tara			TARA_034	TARA_B100000405	2010-01-20		18.4417	39.8567	60	red sea	B	epipelagic
tara_S0034	tara			TARA_034	TARA_B100000405	2010-01-20		18.3967	39.875	5	red sea	A	epipelagic
tara_S0035	tara			TARA_034	TARA_B000000441	2010-01-20		18.3967	39.875	5	red sea	B	epipelagic
tara_S0036	tara			TARA_036	TARA_B000000441	2010-03-12		20.8222	63.5133	17	indian	A	epipelagic
tara_S0037	tara			TARA_036	TARA_B000000441	2010-03-12		20.8222	63.5133	17	indian	B	epipelagic
tara_S0038	tara			TARA_036	TARA_B000000477	2010-03-12		20.8183	63.5047	5	indian	A	epipelagic
tara_S0039	tara			TARA_036	TARA_B000000477	2010-03-12		20.8183	63.5047	5	indian	B	epipelagic
tara_S0040	tara			TARA_038	TARA_B100000482	2010-03-15		19.0284	64.5126	25	indian	A	epipelagic
tara_S0041	tara			TARA_038	TARA_B100000482	2010-03-15		19.0284	64.5126	25	indian	B	epipelagic
tara_S0042	tara			TARA_038	TARA_B100000482	2010-03-15		19.0393	64.4913	5	indian	A	epipelagic
tara_S0043	tara			TARA_038	TARA_B100000427	2010-03-15		19.0393	64.4913	5	indian	B	epipelagic
tara_S0044	tara			TARA_039	TARA_B100000427	2010-03-18		18.5839	66.4727	25	indian	A	epipelagic
tara_S0045	tara			TARA_039	TARA_B100000519	2010-03-18		18.5839	66.4727	25	indian	B	epipelagic
tara_S0046	tara			TARA_039	TARA_B100000519	2010-03-20		18.7341	66.3896	271	indian	A	mesopelagic
tara_S0047	tara			TARA_039	TARA_B100000530	2010-03-20		18.7341	66.3896	271	indian	B	mesopelagic
tara_S0048	tara			TARA_041	TARA_B100000530	2010-03-30		14.5536	70.0128	60	indian	A	epipelagic
tara_S0049	tara			TARA_041	TARA_B100000767	2010-03-30		14.5536	70.0128	60	indian	B	epipelagic
tara_S0050	tara			TARA_041	TARA_B100000767	2010-03-30		14.6059	69.9776	5	indian	A	epipelagic
tara_S0051	tara			TARA_041	TARA_B100000795	2010-03-30		14.6059	69.9776	5	indian	B	epipelagic
tara_S0052	tara			TARA_042	TARA_B100000795	2010-04-04		5.9998	73.9067	80	indian	A	epipelagic
tara_S0053	tara			TARA_042	TARA_B100001059	2010-04-04		5.9998	73.9067	80	indian	B	epipelagic
tara_S0054	tara			TARA_042	TARA_B100001029	2010-04-04		6.0001	73.8955	5	indian	A	epipelagic
tara_S0055	tara			TARA_042	TARA_B100001029	2010-04-04		6.0001	73.8955	5	indian	B	epipelagic
tara_S0056	tara			TARA_045	TARA_B100000965	2010-04-13		0.0033	71.6428	5	indian	A	epipelagic
tara_S0057	tara			TARA_045	TARA_B100000965	2010-04-13		0.0033	71.6428	5	indian	B	epipelagic
tara_S0058	tara			TARA_048	TARA_B100000959	2010-04-19		-9.3921	66.4228	5	indian	A	epipelagic
tara_S0059	tara			TARA_048	TARA_B100000959	2010-04-19		-9.3921	66.4228	5	indian	B	epipelagic
tara_S0060	tara			TARA_052	TARA_B100000959	2010-05-17		-16.9534	53.9601	75	indian	A	epipelagic
tara_S0061	tara			TARA_052	TARA_B100000902	2010-05-17		-16.9534	53.9601	75	indian	B	epipelagic
tara_S0062	tara			TARA_052	TARA_B100000902	2010-05-17		-16.957	53.9801	5	indian	A	epipelagic
tara_S0063	tara			TARA_052	TARA_B100000902	2010-05-17		-16.957	53.9801	5	indian	B	epipelagic
tara_S0064	tara			TARA_056	TARA_B100000927	2010-06-26		-15.3424	43.2965	5	indian	A	epipelagic
tara_S0065	tara			TARA_057	TARA_B100000927	2010-06-27		-17.0248	42.7401	5	indian	A	epipelagic
tara_S0066	tara			TARA_058	TARA_B100000927	2010-06-29		-17.2855	42.2866	66	indian	A	epipelagic
tara_S0067	tara			TARA_062	TARA_B100001113	2010-07-03		-22.3368	40.3412	5	indian	A	epipelagic
tara_S0068	tara			TARA_064	TARA_B100000579	2010-07-08		-29.5333	37.9117	65	indian	A	epipelagic
tara_S0069	tara			TARA_064	TARA_B100000945	2010-07-08		-29.5333	37.9117	65	indian	B	epipelagic
tara_S0070	tara			TARA_064	TARA_B100000700	2010-07-08		-29.5333	37.9117	65	indian	C	epipelagic
tara_S0071	tara			TARA_064	TARA_B100000686	2010-07-07		-29.5019	37.9889	5	indian	A	epipelagic
tara_S0072	tara			TARA_064	TARA_B100000686	2010-07-07		-29.5019	37.9889	5	indian	B	epipelagic
tara_S0073	tara			TARA_064	TARA_B100000686	2010-07-07		-29.5019	37.9889	5	indian	C	epipelagic
tara_S0074	tara			TARA_065	TARA_B100000686	2010-07-12		-35.2421	26.3048	30	indian	A	epipelagic
tara_S0075	tara			TARA_065	TARA_B100000676	2010-07-12		-35.2421	26.3048	30	indian	B	epipelagic
tara_S0076	tara			TARA_065	TARA_B100000676	2010-07-12		-35.2421	26.3048	30	indian	C	epipelagic
tara_S0077	tara			TARA_065	TARA_B100000676	2010-07-12		-35.1728	26.2868	5	indian	A	epipelagic
tara_S0078	tara			TARA_065	TARA_B100000676	2010-07-12		-35.1728	26.2868	5	indian	B	epipelagic
tara_S0079	tara			TARA_066	TARA_B100001123	2010-07-15		-34.8901	18.0459	30	south atlantic	A	epipelagic
tara_S0080	tara			TARA_066	TARA_B100000614	2010-07-15		-34.8901	18.0459	30	south atlantic	B	epipelagic
tara_S0081	tara			TARA_066	TARA_B100001250	2010-07-15		-34.9449	17.9189	5	south atlantic	A	epipelagic
tara_S0082	tara			TARA_066	TARA_B100001094	2010-07-15		-34.9449	17.9189	5	south atlantic	B	epipelagic
tara_S0083	tara			TARA_066	TARA_B100001964	2010-07-15		-34.9449	17.9189	5	south atlantic	C	epipelagic
tara_S0084	tara			TARA_067	TARA_B100001964	2010-09-07		-32.2401	17.7103	5	south atlantic	A	epipelagic
tara_S0085	tara			TARA_067	TARA_B100001964	2010-09-07		-32.2401	17.7103	5	south atlantic	B	epipelagic
tara_S0086	tara			TARA_068	TARA_B100001964	2010-09-14		-31.027	4.6802	50	south atlantic	A	epipelagic
tara_S0087	tara			TARA_068	TARA_B100001996	2010-09-14		-31.027	4.6802	50	south atlantic	B	epipelagic
tara_S0088	tara			TARA_068	TARA_B100002052	2010-09-14		-31.027	4.6802	50	south atlantic	C	epipelagic
tara_S0089	tara			TARA_068	TARA_B100001750	2010-09-14		-31.0266	4.665	5	south atlantic	A	epipelagic
tara_S0090	tara			TARA_068	TARA_B100001778	2010-09-14		-31.0266	4.665	5	south atlantic	B	epipelagic
tara_S0091	tara			TARA_068	TARA_B100001559	2010-09-14		-31.0266	4.665	5	south atlantic	C	epipelagic
tara_S0092	tara			TARA_070	TARA_B100002029	2010-09-21		-20.4091	-3.1759	5	south atlantic	A	epipelagic
tara_S0093	tara			TARA_070	TARA_X000000263	2010-09-21		-20.4091	-3.1759	5	south atlantic	B	epipelagic
tara_S0094	tara			TARA_072	TARA_X000000263	2010-10-05		-8.7296	-17.9604	100	south atlantic	A	epipelagic
tara_S0095	tara			TARA_072	TARA_A100000164	2010-10-05		-8.7296	-17.9604	100	south atlantic	B	epipelagic
tara_S0096	tara			TARA_072	TARA_A100000164	2010-10-05		-8.7789	-17.9099	5	south atlantic	A	epipelagic
tara_S0097	tara			TARA_072	TARA_E500000075	2010-10-05		-8.7789	-17.9099	5	south atlantic	B	epipelagic
tara_S0098	tara			TARA_076	TARA_E500000075	2010-10-16		-21.0292	-35.3498	150	south atlantic	A	epipelagic
tara_S0099	tara			TARA_076	TARA_E500000178	2010-10-16		-21.0292	-35.3498	150	south atlantic	B	epipelagic
tara_S0100	tara			TARA_076	TARA_E500000178	2010-10-16		-20.9354	-35.1803	5	south atlantic	A	epipelagic
tara_S0101	tara			TARA_076	TARA_A100001015	2010-10-16		-20.9354	-35.1803	5	south atlantic	B	epipelagic
tara_S0102	tara			TARA_078	TARA_A100001015	2010-11-04		-30.1484	-43.2705	120	south atlantic	A	epipelagic
tara_S0103	tara			TARA_078	TARA_A100001403	2010-11-04		-30.1484	-43.2705	120	south atlantic	B	epipelagic
tara_S0104	tara			TARA_078	TARA_A100001403	2010-11-04		-30.1367	-43.2899	5	south atlantic	A	epipelagic
tara_S0105	tara			TARA_078	TARA_A100001035	2010-11-04		-30.1367	-43.2899	5	south atlantic	B	epipelagic
tara_S0106	tara			TARA_082	TARA_A100001035	2010-12-06		-47.2007	-57.9446	40	south atlantic	A	epipelagic
tara_S0107	tara			TARA_082	TARA_A100001035	2010-12-06		-47.2007	-57.9446	40	south atlantic	B	epipelagic
tara_S0108	tara			TARA_082	TARA_A100001234	2010-12-06		-47.1863	-58.2902	5	south atlantic	A	epipelagic
tara_S0109	tara			TARA_082	TARA_A100001234	2010-12-06		-47.1863	-58.2902	5	south atlantic	B	epipelagic
tara_S0110	tara			TARA_084	TARA_B100000003	2011-01-03		-60.2287	-60.6476	5	southern ocean	A	epipelagic
tara_S0111	tara			TARA_084	TARA_B100000003	2011-01-03		-60.2287	-60.6476	5	southern ocean	B	epipelagic
tara_S0112	tara			TARA_085	TARA_B100000034	2011-01-06		-62.2231	-49.2139	89	southern ocean	A	epipelagic
tara_S0113	tara			TARA_085	TARA_B100000034	2011-01-06		-62.2231	-49.2139	89	southern ocean	B	epipelagic
tara_S0114	tara			TARA_085	TARA_B100000066	2011-01-06		-62.0385	-49.529	5	southern ocean	A	epipelagic
tara_S0115	tara			TARA_085	TARA_B100000066	2011-01-06		-62.0385	-49.529	5	southern ocean	B	epipelagic
tara_S0116	tara			TARA_093	TARA_B100000282	2011-03-12		-33.9116	-73.0537	35	south pacific	A	epipelagic
tara_S0117	tara			TARA_093	TARA_B100000282	2011-03-12		-34.0614	-73.1066	5	south pacific	A	epipelagic
tara_S0118	tara			TARA_094	TARA_B100000123	2011-03-18		-32.7971	-87.0693	5	south pacific	A	epipelagic
tara_S0119	tara			TARA_096	TARA_B100000123	2011-03-24		-29.7238	-101.1604	5	south pacific	A	epipelagic
tara_S0120	tara			TARA_098	TARA_B100000161	2011-04-03		-25.826	-111.7294	187.5	south pacific	A	epipelagic
tara_S0121	tara			TARA_098	TARA_B100000161	2011-04-03		-25.826	-111.7294	187.5	south pacific	B	epipelagic
tara_S0122	tara			TARA_098	TARA_B100000242	2011-04-03		-25.8051	-111.7202	5	south pacific	A	epipelagic
tara_S0123	tara			TARA_098	TARA_B100000242	2011-04-03		-25.8051	-111.7202	5	south pacific	B	epipelagic
tara_S0124	tara			TARA_099	TARA_B100000212	2011-04-09		-21.146	-104.787	5	south pacific	A	epipelagic
tara_S0125	tara			TARA_100	TARA_B100000212	2011-04-15		-12.9723	-96.0122	50	south pacific	A	epipelagic
tara_S0126	tara			TARA_100	TARA_B000000609	2011-04-15		-12.9723	-96.0122	50	south pacific	B	epipelagic
tara_S0127	tara			TARA_100	TARA_B000000565	2011-04-16		-12.9794	-96.0232	177	south pacific	A	mesopelagic
tara_S0128	tara			TARA_100	TARA_B000000532	2011-04-16		-12.9794	-96.0232	177	south pacific	B	mesopelagic
tara_S0129	tara			TARA_100	TARA_B100000401	2011-04-16		-12.9794	-96.0232	177	south pacific	C	mesopelagic
tara_S0130	tara			TARA_100	TARA_B100000401	2011-04-15		-13.0023	-95.9759	5	south pacific	A	epipelagic
tara_S0131	tara			TARA_100	TARA_B100000401	2011-04-15		-13.0023	-95.9759	5	south pacific	B	epipelagic
tara_S0132	tara			TARA_100	TARA_B000000437	2011-04-15		-13.0023	-95.9759	5	south pacific	C	epipelagic
tara_S0133	tara			TARA_102	TARA_B000000437	2011-04-22		-5.2669	-85.2732	40	south pacific	A	epipelagic
tara_S0134	tara			TARA_102	TARA_B000000475	2011-04-22		-5.2669	-85.2732	40	south pacific	B	epipelagic
tara_S0135	tara			TARA_102	TARA_B000000475	2011-04-22		-5.2669	-85.2732	40	south pacific	C	epipelagic
tara_S0136	tara			TARA_102	TARA_B000000475	2011-04-21		-5.2529	-85.1545	5	south pacific	A	epipelagic
tara_S0137	tara			TARA_102	TARA_B100000497	2011-04-21		-5.2529	-85.1545	5	south pacific	B	epipelagic
tara_S0138	tara			TARA_109	TARA_B100000497	2011-05-12		2.0299	-84.5546	30	south pacific	A	epipelagic
tara_S0139	tara			TARA_109	TARA_B100000475	2011-05-12		2.0299	-84.5546	30	south pacific	B	epipelagic
tara_S0140	tara			TARA_109	TARA_B100000475	2011-05-12		2.0299	-84.5546	30	south pacific	C	epipelagic
tara_S0141	tara			TARA_109	TARA_B100000475	2011-05-12		1.9928	-84.5766	5	south pacific	A	epipelagic
tara_S0142	tara			TARA_109	TARA_B100000459	2011-05-12		1.9928	-84.5766	5	south pacific	B	epipelagic
tara_S0143	tara			TARA_110	TARA_B100000459	2011-05-21		-1.9002	-84.6265	50	south pacific	A	epipelagic
tara_S0144	tara			TARA_110	TARA_B100000424	2011-05-21		-2.0133	-84.589	5	south pacific	A	epipelagic
tara_S0145	tara			TARA_111	TARA_B100000424	2011-05-31		-16.9587	-100.6751	90.5	south pacific	A	epipelagic
tara_S0146	tara			TARA_111	TARA_B100000513	2011-05-31		-16.9601	-100.6335	5	south pacific	A	epipelagic
tara_S0147	tara			TARA_112	TARA_B100000513	2011-06-15		-23.2189	-129.4997	155.5	south pacific	A	epipelagic
tara_S0148	tara			TARA_112	TARA_B100000524	2011-06-14		-23.2811	-129.3947	5	south pacific	A	epipelagic
tara_S0149	tara			TARA_122	TARA_B100000524	2011-07-28		-9.0063	-139.1394	115	south pacific	A	epipelagic
tara_S0150	tara			TARA_122	TARA_B100000768	2011-07-26		-8.9971	-139.1963	5	south pacific	A	epipelagic
tara_S0151	tara			TARA_123	TARA_B100000768	2011-08-01		-8.9109	-140.2845	150	south pacific	A	epipelagic
tara_S0152	tara			TARA_123	TARA_B100000780	2011-08-01		-8.9109	-140.2845	150	south pacific	B	epipelagic
tara_S0153	tara			TARA_123	TARA_B100000780	2011-08-01		-8.9109	-140.2845	150	south pacific	C	epipelagic
tara_S0154	tara			TARA_123	TARA_B100000787	2011-08-01		-8.9109	-140.2845	150	south pacific	D	epipelagic
tara_S0155	tara			TARA_123	TARA_B100000787	2011-07-31		-8.9068	-140.283	5	south pacific	A	epipelagic
tara_S0156	tara			TARA_124	TARA_B100001063	2011-08-05		-9.0714	-140.5973	120	south pacific	A	epipelagic
tara_S0157	tara			TARA_124	TARA_B100001057	2011-08-05		-9.0714	-140.5973	120	south pacific	B	epipelagic
tara_S0158	tara			TARA_124	TARA_B100000989	2011-08-05		-9.0714	-140.5973	120	south pacific	C	epipelagic
tara_S0159	tara			TARA_124	TARA_B100001027	2011-08-05		-9.0714	-140.5973	120	south pacific	D	epipelagic
tara_S0160	tara			TARA_124	TARA_B100001027	2011-08-04		-9.1504	-140.5216	5	south pacific	A	epipelagic
tara_S0161	tara			TARA_124	TARA_B100000886	2011-08-04		-9.1504	-140.5216	5	south pacific	B	epipelagic
tara_S0162	tara			TARA_124	TARA_B100000963	2011-08-04		-9.1504	-140.5216	5	south pacific	C	epipelagic
tara_S0163	tara			TARA_124	TARA_B100000963	2011-08-04		-9.1504	-140.5216	5	south pacific	D	epipelagic
tara_S0164	tara			TARA_125	TARA_B100000963	2011-08-09		-8.8999	-142.5461	140	south pacific	A	epipelagic
tara_S0165	tara			TARA_125	TARA_B100000900	2011-08-08		-8.9111	-142.5571	5	south pacific	A	epipelagic
tara_S0166	tara			TARA_125	TARA_B100000900	2011-08-08		-8.9111	-142.5571	5	south pacific	B	epipelagic
tara_S0167	tara			TARA_125	TARA_B100000925	2011-08-08		-8.9111	-142.5571	5	south pacific	C	epipelagic
tara_S0168	tara			TARA_125	TARA_B100000925	2011-08-08		-8.9111	-142.5571	5	south pacific	D	epipelagic
tara_S0169	tara			TARA_128	TARA_B100001109	2011-09-05		0.0222	-153.6858	40	south pacific	A	epipelagic
tara_S0170	tara			TARA_128	TARA_B100000575	2011-09-04		0.0003	-153.6759	5	south pacific	A	epipelagic
tara_S0171	tara			TARA_132	TARA_B100000941	2011-10-05		31.5168	-159.046	115.5	north pacific	A	epipelagic
tara_S0172	tara			TARA_132	TARA_B100001115	2011-10-04		31.5213	-158.9958	5	north pacific	A	epipelagic
tara_S0173	tara			TARA_133	TARA_B100000683	2011-10-19		35.4002	-127.7499	45	north pacific	A	epipelagic
tara_S0174	tara			TARA_133	TARA_B100000674	2011-10-18		35.3671	-127.7422	5	north pacific	A	epipelagic
tara_S0175	tara			TARA_137	TARA_B100000674	2011-12-02		14.2075	-116.6468	40	north pacific	A	epipelagic
tara_S0176	tara			TARA_137	TARA_B100000674	2011-12-02		14.2075	-116.6468	40	north pacific	B	epipelagic
tara_S0177	tara			TARA_137	TARA_B100000674	2011-12-02		14.2075	-116.6468	40	north pacific	C	epipelagic
tara_S0178	tara			TARA_137	TARA_B100001121	2011-12-02		14.2075	-116.6468	40	north pacific	D	epipelagic
tara_S0179	tara			TARA_137	TARA_B100001121	2011-12-02		14.2035	-116.6261	5	north pacific	A	epipelagic
tara_S0180	tara			TARA_138	TARA_B100001121	2011-12-11		6.3378	-102.9538	59.5	north pacific	A	epipelagic
tara_S0181	tara			TARA_138	TARA_B100001121	2011-12-10		6.3332	-102.9432	5	north pacific	A	epipelagic
tara_S0182	tara			TARA_140	TARA_B100000609	2011-12-21		7.4122	-79.3017	5	north pacific	A	epipelagic
tara_S0183	tara			TARA_141	TARA_B100001248	2011-12-30		9.8481	-80.0454	5	north atlantic	A	epipelagic
tara_S0184	tara			TARA_142	TARA_B100001093	2012-01-09		25.6168	-88.4532	125.5	north atlantic	A	epipelagic
tara_S0185	tara			TARA_142	TARA_B100001287	2012-01-09		25.5264	-88.394	5	north atlantic	A	epipelagic
tara_S0186	tara			TARA_145	TARA_B100001989	2012-02-02		39.2305	-70.0377	5	north atlantic	A	epipelagic
tara_S0187	tara			TARA_146	TARA_B100002019	2012-02-15		34.6712	-71.3093	5	north atlantic	A	epipelagic
tara_S0188	tara			TARA_148	TARA_B100001939	2012-02-27		34.1504	-56.9684	249	north atlantic	A	mesopelagic
tara_S0189	tara			TARA_148	TARA_B100002051	2012-02-24		31.6948	-64.2489	5	north atlantic	A	epipelagic
tara_S0190	tara			TARA_149	TARA_B100001142	2012-03-01		34.1132	-49.9181	5	north atlantic	A	epipelagic
tara_S0191	tara			TARA_150	TARA_B100001540	2012-03-05		35.8427	-37.1526	40	north atlantic	A	epipelagic
tara_S0192	tara			TARA_150	TARA_B100001741	2012-03-05		35.9346	-37.3032	5	north atlantic	A	epipelagic
tara_S0193	tara			TARA_151	TARA_B100001758	2012-03-09		36.1811	-28.9373	79	north atlantic	A	epipelagic
tara_S0194	tara			TARA_151	TARA_B100001769	2012-03-09		36.1715	-29.023	5	north atlantic	A	epipelagic
tara_S0195	tara			TARA_152	TARA_B100001564	2012-03-19		43.7684	-16.9047	82.5	north atlantic	A	epipelagic
tara_S0196	tara			TARA_152	TARA_B100001173	2012-03-19		43.6792	-16.8344	5	north atlantic	A	epipelagic
tara_S0197	tara			TARA_037	TARA_B100000315	2010-03-12		20.8457	63.5851	600.5	indian	A	mesopelagic
tara_S0198	tara			TARA_038	TARA_B100000071	2010-03-16		19.0351	64.5638	341	indian	A	mesopelagic
tara_S0199	tara			TARA_038	TARA_B100000071	2010-03-16		19.0351	64.5638	341	indian	B	mesopelagic
tara_S0200	tara			TARA_056	TARA_B100000378	2010-06-26		-15.3379	43.2948	999	indian	A	mesopelagic
tara_S0201	tara			TARA_064	TARA_B100000408	2010-07-07		-29.5046	37.9599	1000	indian	A	mesopelagic
tara_S0202	tara			TARA_064	TARA_B100000408	2010-07-07		-29.5046	37.9599	1000	indian	B	mesopelagic
tara_S0203	tara			TARA_065	TARA_B000000460	2010-07-12		-35.1889	26.2905	850	indian	A	mesopelagic
tara_S0204	tara			TARA_065	TARA_B000000460	2010-07-12		-35.1889	26.2905	850	indian	B	mesopelagic
tara_S0205	tara			TARA_068	TARA_B100000470	2010-09-13		-31.0198	4.6685	700.5	south atlantic	A	mesopelagic
tara_S0206	tara			TARA_068	TARA_B100000470	2010-09-13		-31.0198	4.6685	700.5	south atlantic	B	mesopelagic
tara_S0207	tara			TARA_070	TARA_B100000446	2010-09-21		-20.4075	-3.1641	798.5	south atlantic	A	mesopelagic
tara_S0208	tara			TARA_070	TARA_B100000446	2010-09-21		-20.4075	-3.1641	798.5	south atlantic	B	mesopelagic
tara_S0209	tara			TARA_072	TARA_B100000508	2010-10-06		-8.7986	-17.9034	800	south atlantic	A	mesopelagic
tara_S0210	tara			TARA_072	TARA_B100000508	2010-10-06		-8.7986	-17.9034	800	south atlantic	B	mesopelagic
tara_S0211	tara			TARA_076	TARA_B100000749	2010-10-17		-20.9315	-35.1794	800	south atlantic	A	mesopelagic
tara_S0212	tara			TARA_076	TARA_B100000749	2010-10-17		-20.9315	-35.1794	800	south atlantic	B	mesopelagic
tara_S0213	tara			TARA_078	TARA_B100000745	2010-11-05		-30.1471	-43.2915	800	south atlantic	A	mesopelagic
tara_S0214	tara			TARA_078	TARA_B100000745	2010-11-05		-30.1471	-43.2915	800	south atlantic	B	mesopelagic
tara_S0215	tara			TARA_085	TARA_B100000809	2011-01-07		-61.9689	-49.5017	791	southern ocean	A	mesopelagic
tara_S0216	tara			TARA_085	TARA_B100000809	2011-01-07		-61.9689	-49.5017	791	southern ocean	B	mesopelagic
tara_S0217	tara			TARA_098	TARA_B100001013	2011-04-04		-25.8076	-111.6906	487.5	south pacific	A	mesopelagic
tara_S0218	tara			TARA_098	TARA_B100001013	2011-04-04		-25.8076	-111.6906	487.5	south pacific	B	mesopelagic
tara_S0219	tara			TARA_102	TARA_B100000953	2011-04-22		-5.261	-85.1678	480	south pacific	A	mesopelagic
tara_S0220	tara			TARA_102	TARA_B100000953	2011-04-22		-5.261	-85.1678	480	south pacific	B	mesopelagic
tara_S0221	tara			TARA_102	TARA_B100000953	2011-04-22		-5.261	-85.1678	480	south pacific	C	mesopelagic
tara_S0222	tara			TARA_109	TARA_B100000929	2011-05-13		2.0649	-84.5546	380	south pacific	A	mesopelagic
tara_S0223	tara			TARA_109	TARA_B100000929	2011-05-13		2.0649	-84.5546	380	south pacific	B	mesopelagic
tara_S0224	tara			TARA_110	TARA_B100001079	2011-05-22		-1.8902	-84.6141	380.5	south pacific	A	mesopelagic
tara_S0225	tara			TARA_111	TARA_B100000586	2011-06-01		-16.9486	-100.6715	350.5	south pacific	A	mesopelagic
tara_S0226	tara			TARA_112	TARA_B100000949	2011-06-15		-23.2232	-129.5986	695.5	south pacific	A	mesopelagic
tara_S0227	tara			TARA_122	TARA_B100000678	2011-07-27		-8.9729	-139.2393	600	south pacific	A	mesopelagic
tara_S0228	tara			TARA_122	TARA_B100000678	2011-07-27		-8.9729	-139.2393	600	south pacific	B	mesopelagic
tara_S0229	tara			TARA_122	TARA_B100000678	2011-07-27		-8.9729	-139.2393	600	south pacific	C	mesopelagic
tara_S0230	tara			TARA_122	TARA_B100000678	2011-07-27		-8.9729	-139.2393	600	south pacific	D	mesopelagic
tara_S0231	tara			TARA_132	TARA_B100001245	2011-10-05		31.528	-159.0224	550.5	north pacific	A	mesopelagic
tara_S0232	tara			TARA_133	TARA_B100001105	2011-10-19		35.2698	-127.7268	650.5	north pacific	A	mesopelagic
tara_S0233	tara			TARA_137	TARA_B100001971	2011-12-03		14.2025	-116.6433	374.5	north pacific	A	mesopelagic
tara_S0234	tara			TARA_137	TARA_B100001971	2011-12-03		14.2025	-116.6433	374.5	north pacific	B	mesopelagic
tara_S0235	tara			TARA_137	TARA_B100001971	2011-12-03		14.2025	-116.6433	374.5	north pacific	C	mesopelagic
tara_S0236	tara			TARA_137	TARA_B100001971	2011-12-03		14.2025	-116.6433	374.5	north pacific	D	mesopelagic
tara_S0237	tara			TARA_138	TARA_B100002003	2011-12-11		6.3559	-103.0598	449	north pacific	A	mesopelagic
tara_S0238	tara			TARA_138	TARA_B100002003	2011-12-11		6.3559	-103.0598	449	north pacific	B	mesopelagic
tara_S0239	tara			TARA_138	TARA_B100002003	2011-12-11		6.3559	-103.0598	449	north pacific	C	mesopelagic
tara_S0240	tara			TARA_138	TARA_B100002003	2011-12-11		6.3559	-103.0598	449	north pacific	D	mesopelagic
tara_S0241	tara			TARA_142	TARA_B100002049	2012-01-10		25.6236	-88.45	640.5	north atlantic	A	mesopelagic
tara_S0242	tara			TARA_145	TARA_B100001146	2012-02-02		39.2392	-70.0343	591	north atlantic	A	mesopelagic
tara_S0243	tara			TARA_146	TARA_B100001167	2012-02-16		34.6663	-71.2907	639	north atlantic	A	mesopelagic
tara_S0244	tara			TARA_149	TARA_B100001765	2012-03-01		34.0771	-49.8233	741	north atlantic	A	mesopelagic
tara_S0245	tara			TARA_152	TARA_B100001179	2012-03-19		43.7182	-16.8714	799	north atlantic	A	mesopelagic